transformation_type,numerical_count,theoretical_count,objects_generated,iteration,ratio,description,integration_params
CMND,7,4.672773837186522,1000000,0,0.6675391195980745,hypercube,"{'center': (1, 0, 0, 0, 6.2840227308020005, 0), 'widths': (0.1, 0.1, 0.1, 0.4218930481283423, 0.4218930481283423, 0.4218930481283423)}"
CMND,4,4.672773837186522,1000000,1,1.1681934592966303,hypercube,"{'center': (1, 0, 0, 0, 6.2840227308020005, 0), 'widths': (0.1, 0.1, 0.1, 0.4218930481283423, 0.4218930481283423, 0.4218930481283423)}"
CMND,3,4.672773837186522,1000000,2,1.557591279062174,hypercube,"{'center': (1, 0, 0, 0, 6.2840227308020005, 0), 'widths': (0.1, 0.1, 0.1, 0.4218930481283423, 0.4218930481283423, 0.4218930481283423)}"
CMND,6,4.672773837186522,1000000,3,0.778795639531087,hypercube,"{'center': (1, 0, 0, 0, 6.2840227308020005, 0), 'widths': (0.1, 0.1, 0.1, 0.4218930481283423, 0.4218930481283423, 0.4218930481283423)}"
CMND,4,4.672773837186522,1000000,4,1.1681934592966303,hypercube,"{'center': (1, 0, 0, 0, 6.2840227308020005, 0), 'widths': (0.1, 0.1, 0.1, 0.4218930481283423, 0.4218930481283423, 0.4218930481283423)}"
CMND,6,4.672773837186522,1000000,5,0.778795639531087,hypercube,"{'center': (1, 0, 0, 0, 6.2840227308020005, 0), 'widths': (0.1, 0.1, 0.1, 0.4218930481283423, 0.4218930481283423, 0.4218930481283423)}"
CMND,4,4.672773837186522,1000000,6,1.1681934592966303,hypercube,"{'center': (1, 0, 0, 0, 6.2840227308020005, 0), 'widths': (0.1, 0.1, 0.1, 0.4218930481283423, 0.4218930481283423, 0.4218930481283423)}"
CMND,3,4.672773837186522,1000000,7,1.557591279062174,hypercube,"{'center': (1, 0, 0, 0, 6.2840227308020005, 0), 'widths': (0.1, 0.1, 0.1, 0.4218930481283423, 0.4218930481283423, 0.4218930481283423)}"
CMND,5,4.672773837186522,1000000,8,0.9345547674373044,hypercube,"{'center': (1, 0, 0, 0, 6.2840227308020005, 0), 'widths': (0.1, 0.1, 0.1, 0.4218930481283423, 0.4218930481283423, 0.4218930481283423)}"
CMND,6,4.672773837186522,1000000,9,0.778795639531087,hypercube,"{'center': (1, 0, 0, 0, 6.2840227308020005, 0), 'widths': (0.1, 0.1, 0.1, 0.4218930481283423, 0.4218930481283423, 0.4218930481283423)}"
CMND,2,4.672773837186522,1000000,10,2.336386918593261,hypercube,"{'center': (1, 0, 0, 0, 6.2840227308020005, 0), 'widths': (0.1, 0.1, 0.1, 0.4218930481283423, 0.4218930481283423, 0.4218930481283423)}"
CMND,6,4.672773837186522,1000000,11,0.778795639531087,hypercube,"{'center': (1, 0, 0, 0, 6.2840227308020005, 0), 'widths': (0.1, 0.1, 0.1, 0.4218930481283423, 0.4218930481283423, 0.4218930481283423)}"
CMND,5,4.672773837186522,1000000,12,0.9345547674373044,hypercube,"{'center': (1, 0, 0, 0, 6.2840227308020005, 0), 'widths': (0.1, 0.1, 0.1, 0.4218930481283423, 0.4218930481283423, 0.4218930481283423)}"
CMND,3,4.672773837186522,1000000,13,1.557591279062174,hypercube,"{'center': (1, 0, 0, 0, 6.2840227308020005, 0), 'widths': (0.1, 0.1, 0.1, 0.4218930481283423, 0.4218930481283423, 0.4218930481283423)}"
CMND,4,4.672773837186522,1000000,14,1.1681934592966303,hypercube,"{'center': (1, 0, 0, 0, 6.2840227308020005, 0), 'widths': (0.1, 0.1, 0.1, 0.4218930481283423, 0.4218930481283423, 0.4218930481283423)}"
CMND,5,4.672773837186522,1000000,15,0.9345547674373044,hypercube,"{'center': (1, 0, 0, 0, 6.2840227308020005, 0), 'widths': (0.1, 0.1, 0.1, 0.4218930481283423, 0.4218930481283423, 0.4218930481283423)}"
CMND,5,4.672773837186522,1000000,16,0.9345547674373044,hypercube,"{'center': (1, 0, 0, 0, 6.2840227308020005, 0), 'widths': (0.1, 0.1, 0.1, 0.4218930481283423, 0.4218930481283423, 0.4218930481283423)}"
CMND,3,4.672773837186522,1000000,17,1.557591279062174,hypercube,"{'center': (1, 0, 0, 0, 6.2840227308020005, 0), 'widths': (0.1, 0.1, 0.1, 0.4218930481283423, 0.4218930481283423, 0.4218930481283423)}"
CMND,4,4.672773837186522,1000000,18,1.1681934592966303,hypercube,"{'center': (1, 0, 0, 0, 6.2840227308020005, 0), 'widths': (0.1, 0.1, 0.1, 0.4218930481283423, 0.4218930481283423, 0.4218930481283423)}"
CMND,3,4.672773837186522,1000000,19,1.557591279062174,hypercube,"{'center': (1, 0, 0, 0, 6.2840227308020005, 0), 'widths': (0.1, 0.1, 0.1, 0.4218930481283423, 0.4218930481283423, 0.4218930481283423)}"
CMND,47,46.72773837186522,10000000,0,0.9942071994013877,hypercube,"{'center': (1, 0, 0, 0, 6.2840227308020005, 0), 'widths': (0.1, 0.1, 0.1, 0.4218930481283423, 0.4218930481283423, 0.4218930481283423)}"
CMND,39,46.72773837186522,10000000,1,1.1981471377401338,hypercube,"{'center': (1, 0, 0, 0, 6.2840227308020005, 0), 'widths': (0.1, 0.1, 0.1, 0.4218930481283423, 0.4218930481283423, 0.4218930481283423)}"
CMND,46,46.72773837186522,10000000,2,1.0158203993883743,hypercube,"{'center': (1, 0, 0, 0, 6.2840227308020005, 0), 'widths': (0.1, 0.1, 0.1, 0.4218930481283423, 0.4218930481283423, 0.4218930481283423)}"
CMND,52,46.72773837186522,10000000,3,0.8986103533051004,hypercube,"{'center': (1, 0, 0, 0, 6.2840227308020005, 0), 'widths': (0.1, 0.1, 0.1, 0.4218930481283423, 0.4218930481283423, 0.4218930481283423)}"
CMND,36,46.72773837186522,10000000,4,1.2979927325518117,hypercube,"{'center': (1, 0, 0, 0, 6.2840227308020005, 0), 'widths': (0.1, 0.1, 0.1, 0.4218930481283423, 0.4218930481283423, 0.4218930481283423)}"
CMND,40,46.72773837186522,10000000,5,1.1681934592966305,hypercube,"{'center': (1, 0, 0, 0, 6.2840227308020005, 0), 'widths': (0.1, 0.1, 0.1, 0.4218930481283423, 0.4218930481283423, 0.4218930481283423)}"
CMND,46,46.72773837186522,10000000,6,1.0158203993883743,hypercube,"{'center': (1, 0, 0, 0, 6.2840227308020005, 0), 'widths': (0.1, 0.1, 0.1, 0.4218930481283423, 0.4218930481283423, 0.4218930481283423)}"
CMND,57,46.72773837186522,10000000,7,0.8197848837169337,hypercube,"{'center': (1, 0, 0, 0, 6.2840227308020005, 0), 'widths': (0.1, 0.1, 0.1, 0.4218930481283423, 0.4218930481283423, 0.4218930481283423)}"
CMND,58,46.72773837186522,10000000,8,0.8056506615838831,hypercube,"{'center': (1, 0, 0, 0, 6.2840227308020005, 0), 'widths': (0.1, 0.1, 0.1, 0.4218930481283423, 0.4218930481283423, 0.4218930481283423)}"
CMND,45,46.72773837186522,10000000,9,1.0383941860414494,hypercube,"{'center': (1, 0, 0, 0, 6.2840227308020005, 0), 'widths': (0.1, 0.1, 0.1, 0.4218930481283423, 0.4218930481283423, 0.4218930481283423)}"
CMND,48,46.72773837186522,10000000,10,0.9734945494138588,hypercube,"{'center': (1, 0, 0, 0, 6.2840227308020005, 0), 'widths': (0.1, 0.1, 0.1, 0.4218930481283423, 0.4218930481283423, 0.4218930481283423)}"
CMND,54,46.72773837186522,10000000,11,0.8653284883678745,hypercube,"{'center': (1, 0, 0, 0, 6.2840227308020005, 0), 'widths': (0.1, 0.1, 0.1, 0.4218930481283423, 0.4218930481283423, 0.4218930481283423)}"
CMND,47,46.72773837186522,10000000,12,0.9942071994013877,hypercube,"{'center': (1, 0, 0, 0, 6.2840227308020005, 0), 'widths': (0.1, 0.1, 0.1, 0.4218930481283423, 0.4218930481283423, 0.4218930481283423)}"
CMND,47,46.72773837186522,10000000,13,0.9942071994013877,hypercube,"{'center': (1, 0, 0, 0, 6.2840227308020005, 0), 'widths': (0.1, 0.1, 0.1, 0.4218930481283423, 0.4218930481283423, 0.4218930481283423)}"
CMND,46,46.72773837186522,10000000,14,1.0158203993883743,hypercube,"{'center': (1, 0, 0, 0, 6.2840227308020005, 0), 'widths': (0.1, 0.1, 0.1, 0.4218930481283423, 0.4218930481283423, 0.4218930481283423)}"
CMND,46,46.72773837186522,10000000,15,1.0158203993883743,hypercube,"{'center': (1, 0, 0, 0, 6.2840227308020005, 0), 'widths': (0.1, 0.1, 0.1, 0.4218930481283423, 0.4218930481283423, 0.4218930481283423)}"
CMND,29,46.72773837186522,10000000,16,1.6113013231677662,hypercube,"{'center': (1, 0, 0, 0, 6.2840227308020005, 0), 'widths': (0.1, 0.1, 0.1, 0.4218930481283423, 0.4218930481283423, 0.4218930481283423)}"
CMND,49,46.72773837186522,10000000,17,0.9536273137115351,hypercube,"{'center': (1, 0, 0, 0, 6.2840227308020005, 0), 'widths': (0.1, 0.1, 0.1, 0.4218930481283423, 0.4218930481283423, 0.4218930481283423)}"
CMND,39,46.72773837186522,10000000,18,1.1981471377401338,hypercube,"{'center': (1, 0, 0, 0, 6.2840227308020005, 0), 'widths': (0.1, 0.1, 0.1, 0.4218930481283423, 0.4218930481283423, 0.4218930481283423)}"
CMND,52,46.72773837186522,10000000,19,0.8986103533051004,hypercube,"{'center': (1, 0, 0, 0, 6.2840227308020005, 0), 'widths': (0.1, 0.1, 0.1, 0.4218930481283423, 0.4218930481283423, 0.4218930481283423)}"
