,Peak Brightness Date/Time (UT),Latitude (deg.),Longitude (deg.),Altitude (km),Velocity (km/s),vx,vy,vz,Total Radiated Energy (J),Calculated Total Impact Energy (kt),earthx,earthy,earthz,sunx,suny,sunz
0,2023-08-05 19:54:50,19.9,-131.7,44.0,21.8,3.3,20.4,-6.8,1719000000000.0,3.8,101871138.30632284,-111572887.39137988,37526.162722052904,-1284281.4324917635,-264319.0722839011,32113.748684845476
1,2023-07-26 03:41:54,18.9,-103.4,36.1,15.6,-9.5,12.2,1.9,151000000000.0,0.44,80614856.17575936,-128239137.26429258,38455.086425301604,-1289462.9148353077,-251215.28071473824,32121.633076435093
2,2023-07-07 16:15:31,14.5,-126.6,38.3,25.7,2.6,4.1,-25.2,26000000000.0,0.092,38031654.37804196,-147150606.17392087,39911.155945831015,-1297978.3579945993,-228400.4388742863,32123.447011731656
4,2023-06-21 19:39:13,12.4,62.8,40.4,16.5,7.3,-2.0,-16.4,543000000000.0,1.4,-1660820.0472745413,-152241211.1896489,39660.10725077855,-1304854.168839741,-208682.17679963994,32115.312840560982
5,2023-05-20 11:22:23,-17.8,141.9,29.0,27.9,25.4,6.9,9.3,3584000000000.0,7.2,-79534648.75910135,-129766006.85331829,39033.8249400731,-1317680.8394159672,-168092.56054414407,32069.8050324466
6,2023-04-26 13:14:59,47.0,-10.7,29.6,16.2,-15.6,-3.8,-1.8,24000000000.0,0.086,-123504844.66291708,-88056571.83458962,36843.081144260104,-1326208.1766303391,-137736.38291330967,32013.53499170716
7,2023-04-15 08:22:01,-20.1,36.0,41.4,17.2,1.6,-14.7,8.8,3097000000000.0,6.3,-137559605.40525284,-63059496.509581946,36412.91000361836,-1329929.4293151658,-123400.0327722264,31981.565132497122
8,2023-04-06 14:47:39,57.4,109.9,31.2,22.1,8.6,3.6,-20.0,72000000000.0,0.23,-145058238.83592513,-41933717.00698626,34835.897436439285,-1332706.861174231,-112164.8672880994,31954.393053143565
9,2023-04-01 00:02:03,-16.8,76.0,61.8,46.4,21.4,-40.6,7.1,24000000000.0,0.086,-148188394.59839538,-27827169.933468018,33747.589455099514,-1334433.4332412842,-104909.50985106133,31935.86129869798
12,2023-03-03 02:53:54,40.1,87.4,32.0,25.3,16.1,-19.3,2.6,64000000000.0,0.2,-142310169.2449874,45899065.28492458,29769.73598267195,-1342499.654486373,-67215.94575458174,31820.944664650375
13,2023-02-19 06:15:34,7.9,109.9,37.0,23.0,-1.1,-22.9,1.2,203000000000.0,0.57,-129418926.37650347,73869487.1576726,28992.02394706466,-1345393.985964692,-51573.35755039721,31762.030514839847
14,2023-02-14 22:55:25,-48.0,-53.3,32.3,15.6,-15.1,3.7,-0.9,184000000000.0,0.52,-123337419.30751722,83297372.04019283,28300.221207086364,-1346382.28154008,-45873.21247179386,31738.836724820736
17,2023-01-17 06:56:59,33.1,-173.7,38.0,14.2,7.8,-5.6,-10.5,29000000000.0,0.1,-67169894.36805229,131627952.8572636,25182.22783253879,-1352091.3789103867,-7671.577238444415,31559.698069400136
18,2023-01-11 23:59:50,31.5,18.6,33.5,17.5,-16.1,4.5,-5.2,46000000000.0,0.15,-54502595.489198014,137189822.07352546,24349.148789190545,-1352977.4156537822,-579.8208566710792,31522.131786170332
19,2023-01-09 01:17:14,-45.7,135.0,27.0,16.7,2.3,-0.4,16.5,90000000000.0,0.28,-47242102.66972198,139773151.05996576,24070.280558321487,-1353448.0519273095,3375.399414089353,31500.645583893376
21,2022-12-29 06:52:09,42.3,92.9,32.3,16.4,0.2,-12.3,-10.9,62000000000.0,0.2,-19806778.24731676,145975253.8425575,24239.946346656696,-1355026.1144233518,17860.79969542025,31418.65118073742
22,2022-12-13 17:26:01,32.75,-2.1,20.0,18.7,-5.7,14.0,11.0,62000000000.0,0.2,20766887.156120766,145643050.756189,23202.87121926736,-1356902.7482638257,38859.476857736634,31289.3484622147
24,2022-11-20 13:53:54,15.0,-109.7,26.0,21.7,9.0,12.3,15.4,34000000000.0,0.12,77189793.57134916,125300016.41281286,23984.169274344717,-1358828.7171631998,70172.81848780379,31073.19387146017
29,2022-09-14 23:31:15,40.8,63.4,35.8,17.4,-13.9,-4.3,9.5,32000000000.0,0.11,147577133.33426693,-21254561.17962173,30580.15691388807,-1359008.4636225277,160517.85283221462,30340.3977598842
30,2022-09-04 03:54:55,20.0,165.9,14.0,21.9,18.4,-11.4,-3.5,24000000000.0,0.086,141573205.72957,-48166758.43428178,32088.6028569535,-1358289.0123665612,175231.2148073673,30208.299211527043
33,2022-07-28 01:36:08,-6.0,-86.9,37.5,29.9,-17.1,23.5,-7.2,251000000000.0,0.68,85107211.48731399,-124692363.06852782,35141.24072549799,-1354022.4314299203,227078.47862149714,29709.37623123371
34,2022-07-27 04:41:30,-44.8,-2.9,38.1,19.8,-6.1,17.7,6.5,524000000000.0,1.3,83289912.66919631,-125945823.68437013,35236.33836648696,-1353892.586929153,228264.02392171297,29697.332697629136
35,2022-07-25 07:28:17,-40.5,76.6,33.6,15.2,-2.1,-2.2,14.9,87000000000.0,0.27,79298240.68378049,-128563090.02514008,35478.00439587346,-1353606.772829262,230827.69906658487,29671.1910775236
36,2022-07-22 00:16:19,-23.3,-20.5,32.7,17.4,-7.1,15.5,-3.3,60000000000.0,0.19,72115275.12654844,-132832698.57071838,35966.73906409856,-1353089.6069131787,235317.28211920947,29625.088786778106
37,2022-07-20 10:56:53,-43.0,-59.6,32.2,16.0,-0.9,15.6,-3.6,86000000000.0,0.27,68651119.84384449,-134703199.27674833,36192.921760361336,-1352838.532124609,237432.84141577166,29603.222658956252
38,2022-07-08 01:36:37,21.3,130.1,22.0,20.2,17.9,-4.1,-8.3,27000000000.0,0.095,39567285.769934855,-146233392.39984825,36411.61399407896,-1350666.817300527,254279.983409587,29425.684269730835
41,2022-06-26 20:16:26,-69.7,164.7,19.0,20.1,0.2,-18.3,8.2,65000000000.0,0.21,11652466.734698374,-151250194.77625483,36658.80972114975,-1348427.569602425,269521.6549039992,29258.732917654543
43,2022-06-07 22:53:17,40.8,-127.1,41.1,24.9,23.1,2.0,-9.2,31000000000.0,0.11,-35842395.35910496,-147565613.70838258,36184.30620616414,-1344069.4982437524,295086.3862266791,28961.81723947356
45,2022-04-21 22:15:28,-55.5,-68.9,28.4,12.7,-4.2,11.6,3.2,39000000000.0,0.13,-129547739.23014781,-78154789.596662,33072.16770987397,-1330235.400658752,357886.22837597,28141.01599392894
46,2022-04-12 21:59:12,-8.2,57.8,23.8,20.6,-19.3,-6.3,3.6,52000000000.0,0.17,-139709934.51744562,-57430601.39473135,31194.93952899588,-1327144.8713901283,369759.11657498387,27973.119257614755
47,2022-04-04 00:30:39,-3.2,-64.3,31.5,19.7,-17.6,5.3,-7.2,27000000000.0,0.095,-146523299.43082267,-35618539.00696599,30443.58521898641,-1323963.7700679626,381428.6015324103,27804.540389672442
49,2022-03-28 10:20:24,-7.7,74.3,29.0,19.6,-16.6,-10.4,0.1,378000000000.0,0.98,-149384648.17468318,-18878730.554535277,29853.73205938782,-1321524.301520277,390041.25809726235,27677.62791173292
50,2022-03-24 03:43:42,1.9,-20.6,56.7,18.2,-12.4,11.4,6.9,76000000000.0,0.24,-150215927.36528805,-7875084.48060878,28994.26495951367,-1319905.270271182,395612.8479281294,27594.3803551402
51,2022-03-11 21:22:46,70.0,-9.1,33.3,17.2,-11.5,-5.3,-11.7,1851000000000.0,4.0,-148096155.0437553,23717871.604892958,26700.028335261006,-1315108.0922732488,411527.16784809524,27351.876664037056
55,2022-02-17 03:53:24,5.4,56.4,32.4,21.5,-4.4,-19.6,-7.7,65000000000.0,0.21,-126860915.92996432,78435711.32267812,23290.11530820089,-1305648.5807491848,440773.7893883506,26890.172993996395
56,2022-02-07 20:06:26,-28.7,11.4,26.5,13.1,-8.9,-7.3,-6.3,3480000000000.0,7.0,-112195483.50731616,97792850.28959018,22599.471805354526,-1301560.815705138,452691.9741588711,26696.94630219174
57,2022-02-03 19:50:40,-13.3,142.2,36.0,22.8,17.6,9.7,-10.8,152000000000.0,0.44,-104946914.24628697,105351539.68877815,22356.01559521119,-1299765.5868578325,457806.4767664654,26613.248049818645
58,2022-01-30 02:06:18,50.0,-38.0,36.6,20.0,-10.8,16.8,1.0,54000000000.0,0.18,-95716887.49302197,113606621.97763254,21686.572860661185,-1297615.7038208165,463840.9592759493,26513.947112632697
60,2022-01-11 03:33:13,-58.4,-160.2,40.8,22.8,-2.5,5.3,22.0,1264000000000.0,2.9,-52993151.12718618,138225033.0272182,19814.511047445223,-1288700.8266088362,487881.43539427913,26112.948303649093
62,2021-12-29 03:15:35,-69.7,115.0,44.0,22.0,7.4,-8.6,18.8,20000000000.0,0.073,-20003179.99013841,146425676.54159033,18643.25681270757,-1282248.3464035639,504334.0022202081,25831.992099974745
64,2021-12-20 23:15:55,62.7,60.3,56.0,18.2,10.3,-7.1,-13.2,32000000000.0,0.11,1308895.81752486,147663233.46252993,18192.761944688107,-1278052.6792876327,514627.66389909317,25652.503006463954
66,2021-11-28 18:06:50,32.6,113.5,38.4,19.7,0.2,-2.2,-19.6,40000000000.0,0.13,57756332.81493911,135809700.89202437,17996.937962529515,-1266046.6960723067,542479.453102706,25150.78379874164
67,2021-11-17 15:53:21,-6.8,119.1,35.0,23.0,7.0,-18.3,-12.0,24000000000.0,0.086,83105383.41194558,122031074.6247726,18908.450274318668,-1259716.6052636923,556289.9230690217,24892.5984985306
70,2021-10-21 10:32:02,51.5,51.4,30.0,15.9,-14.1,-7.0,-1.9,37000000000.0,0.13,130299957.46254401,70388478.55150934,20570.595263237494,-1243214.581809218,589834.6910524259,24238.01629229658
72,2021-10-20 00:43:57,59.0,154.3,31.4,27.5,12.9,4.2,-23.9,20000000000.0,0.073,132018875.79672322,67182631.12713194,20792.075935475874,-1242323.1605764073,591555.0712476351,24203.394091183884
73,2021-09-29 10:50:59,53.9,-148.0,28.0,21.2,-3.5,-9.0,-18.9,137000000000.0,0.4,147744331.15985763,16850944.77286774,22086.546426877598,-1228865.1591559213,616487.4002325874,23687.632038688072
74,2021-09-06 17:55:42,-2.1,-111.8,26.0,13.6,-4.4,6.9,10.9,31000000000.0,0.11,143771176.6505858,-40763553.244839035,24143.429808565303,-1213116.8996409725,643462.6687788793,23096.797938831412
76,2021-07-29 13:19:57,42.4,98.4,26.4,14.7,-1.6,-11.9,-8.4,37000000000.0,0.13,88838367.6914048,-121643424.13448694,27899.393541131438,-1184013.323532205,688517.2993902769,22038.918848806807
78,2021-07-05 03:46:24,44.3,-164.2,43.4,15.7,0.7,15.7,-0.5,740000000000.0,1.8,33223791.31562855,-147448390.65273273,28449.767157026392,-1164832.7048939613,715619.2327118306,21367.199267116288
81,2021-05-06 05:54:27,-34.7,141.0,31.0,26.6,9.6,-24.4,-4.6,21000000000.0,0.076,-106625578.93182081,-107133277.42661458,25535.736383685504,-1114575.0767651366,779220.6769809197,19670.69688748235
83,2021-04-13 02:16:47,26.8,-79.1,44.4,14.1,-2.8,12.6,5.6,21000000000.0,0.076,-139075357.35061562,-58038123.24459577,22455.527640593158,-1093969.1022215304,802741.324222393,18996.7401739551
84,2021-04-02 15:52:58,71.2,106.7,40.0,14.1,-8.9,6.3,-9.0,137000000000.0,0.4,-146897462.90233415,-32411174.511834268,20741.672950062628,-1084447.088626502,813139.9580227887,18687.365426861536
85,2021-03-06 08:43:06,-48.6,90.4,31.1,18.1,12.7,-4.7,12.0,141000000000.0,0.41,-144885932.771828,37480345.500280336,16582.994429178114,-1058858.0940076543,839681.6650892786,17858.768729192383
86,2021-03-05 13:50:01,-81.1,141.1,32.5,23.3,10.1,-8.4,19.2,39000000000.0,0.13,-144337958.9883445,39447496.12620845,16388.240815190533,-1058106.617860718,840431.7071871454,17834.495159758964
88,2021-02-09 23:27:29,75.8,-92.8,31.0,13.1,-5.2,6.3,-10.3,30000000000.0,0.1,-116006047.6668392,93457090.12418753,13340.53786976386,-1035234.6735007871,862518.9355278187,17098.052879876668
89,2021-02-02 10:03:21,48.7,80.1,20.0,12.8,4.0,-6.7,-10.1,31000000000.0,0.11,-102498264.40225522,107826215.82947583,11758.760321331121,-1027780.0808274524,869426.2560295808,16859.451569860816
90,2021-01-31 02:59:39,5.3,115.2,39.4,15.2,14.0,-5.8,1.7,267000000000.0,0.72,-98034759.668276,111824043.625132,11448.109320658941,-1025505.4811799761,871507.1423096225,16786.833155667933
91,2021-01-29 16:12:47,38.8,-51.3,30.0,14.3,-14.2,1.9,-0.6,77000000000.0,0.24,-95134056.49039489,114256836.52785754,11318.213124215677,-1024065.8090837983,872817.8372272474,16740.914917568865
93,2021-01-24 07:33:43,-45.0,95.5,37.5,19.2,13.3,-3.7,13.3,61000000000.0,0.2,-83890165.31648219,122606032.56330861,11141.123149808222,-1018721.2381246486,877640.6100330945,16570.726463944986
94,2020-12-29 20:32:22,14.9,-158.2,33.0,14.4,-3.0,10.2,-9.7,49000000000.0,0.16,-22256661.759395733,146456843.63912222,8863.239384779044,-992933.0107561825,899982.0967184359,15753.928551410345
95,2020-12-28 17:27:53,36.8,-54.7,28.3,15.2,1.5,3.5,-14.7,57000000000.0,0.18,-19332314.871785358,146859601.86255372,8906.325237070294,-991775.8944575855,900950.1325837739,15717.444119814014
96,2020-12-22 23:23:33,31.9,96.2,35.5,13.6,-2.6,5.9,-12.1,4898000000000.0,9.5,-4328870.062200414,148015883.53885844,9051.717906243572,-985857.3631778911,905858.1009204419,15531.102177372415
97,2020-11-28 16:34:11,33.3,135.1,28.1,19.6,1.8,-16.5,-10.4,26000000000.0,0.092,57587123.71977866,136382074.89044487,8461.228625044336,-960566.9527840979,926060.1192417649,14741.101388846875
99,2020-11-07 21:27:04,59.8,16.8,22.3,16.7,-10.8,1.2,-12.7,111000000000.0,0.33,102678080.88667482,106929568.96710096,8489.555434326894,-938534.3651437432,942736.1098517005,14063.628229465729
100,2020-10-26 15:09:10,-5.9,160.4,28.5,17.6,10.9,-13.8,-0.1,114000000000.0,0.34,123238004.4278412,82759475.39334525,9902.200625336356,-925375.6303781733,952322.7228967226,13664.863987723726
102,2020-10-22 17:39:33,22.0,-133.5,40.0,17.6,-9.4,14.1,-4.9,44000000000.0,0.15,128636780.87811747,74249815.08959317,9931.728217397973,-921166.0112198888,955330.971771295,13538.088198484129
106,2020-10-18 10:52:43,-11.4,-135.8,36.0,16.4,15.6,1.5,4.9,36000000000.0,0.12,133890974.59973042,64507043.89779564,9826.352564541605,-916521.0923520245,958616.6421448928,13398.554363675976
107,2020-09-18 08:05:27,2.4,-169.7,46.0,11.7,10.2,2.9,-4.9,41000000000.0,0.14,148986570.13713387,-10579813.245734006,12147.885323775585,-883335.2621940321,981056.8458304881,12410.3431109023
108,2020-08-30 16:08:22,26.0,133.5,27.8,23.4,7.8,-21.7,3.7,64000000000.0,0.2,138621720.1922633,-56901329.91756264,14370.816733031463,-862297.9116407849,994340.9960319168,11790.674030247104
109,2020-08-02 16:36:25,-35.1,-34.2,38.0,11.1,0.5,6.0,9.3,74000000000.0,0.23,97866674.08769304,-114326937.6513925,16163.6939455882,-830089.1774551691,1013270.9256263775,10851.47051848696
111,2020-07-20 21:25:09,-51.8,-11.2,31.6,14.1,-2.9,-1.0,-13.8,50000000000.0,0.16,71303611.80283082,-132796242.62396674,16228.260313326047,-815088.1222079893,1021507.125134229,10417.23526783478
112,2020-07-12 07:50:32,-48.7,74.0,29.4,18.3,-5.0,-13.0,-11.9,75000000000.0,0.23,51579350.068396285,-141747475.2044537,17057.965010200365,-804959.3537205156,1026854.6225350491,10124.353549236965
113,2020-05-27 17:30:18,40.8,41.7,29.3,14.9,-6.0,-7.3,-11.5,57000000000.0,0.18,-60956687.56656091,-138082347.06253916,14871.532210786087,-750126.1115631436,1052938.493819282,8543.885849720544
117,2020-05-09 02:56:11,44.8,-131.0,31.2,14.5,-13.0,-4.0,-5.0,41000000000.0,0.14,-100448042.88613291,-112364294.1771979,13252.535694896122,-727471.1270979039,1062431.8447007856,7897.011160240391
121,2020-03-26 23:27:56,-38.3,23.5,26.5,20.7,-10.0,3.2,17.8,124000000000.0,0.37,-148997366.30817747,-15793652.53965681,7927.695750774429,-674629.1599160742,1082105.8609239035,6404.672195666233
124,2020-03-04 20:25:59,-53.3,90.8,24.3,19.8,-5.2,2.2,19.0,394000000000.0,1.0,-143589946.88783935,40851347.183974296,4167.993891175681,-647436.96557605,1091031.22469607,5643.906745808825
125,2020-02-28 09:30:34,45.7,15.1,34.5,21.5,-18.2,-11.3,-2.1,115000000000.0,0.34,-138956429.83988792,54235121.751544,3769.3808568508193,-640724.6249295563,1093122.2523216272,5457.002092660361
127,2020-02-10 23:48:17,28.2,76.7,41.7,31.7,-27.8,-14.3,-5.2,27000000000.0,0.095,-116031022.10572146,93137809.74705963,573.1823139740699,-619277.6423317397,1099524.1633501502,4862.644540096463
128,2020-01-27 05:39:15,30.4,1.5,32.5,19.8,-2.0,-16.6,-10.6,44000000000.0,0.15,-88135591.33727038,119573382.0973809,-491.7742275644566,-601028.5708674567,1104638.8807259628,4359.3713264357975
129,2020-01-24 11:13:31,28.0,-35.8,32.0,21.2,-18.6,-9.0,-4.7,26000000000.0,0.092,-82182545.26888682,123694140.55945912,-1000.1736099521677,-597596.633585005,1105564.9110309728,4264.7783260978085
130,2020-01-21 20:07:44,33.1,34.3,43.3,27.4,-7.5,-23.5,-11.9,28000000000.0,0.098,-76347591.56444286,127337107.18932101,-1524.0275009921947,-594334.1496737966,1106434.4053511051,4174.852515216655
131,2020-01-17 21:29:49,19.4,-66.0,14.5,15.5,-13.2,8.1,1.2,97000000000.0,0.29,-67296182.32729465,132287692.9446446,-2192.4192472125073,-589436.0943502637,1107719.842749648,4039.8331963281526
132,2020-01-16 09:31:42,-71.7,-116.4,27.8,12.9,9.8,-4.5,7.0,59000000000.0,0.19,-63769668.24407476,134003695.64768846,-2361.3183784888956,-587572.8219061428,1108202.505257204,3988.4661510691008
135,2019-12-21 14:30:52,56.5,-147.6,35.5,22.2,14.9,-8.1,-14.3,65000000000.0,0.21,1641514.434276353,148267412.97613248,-4041.0108539179305,-555370.860173607,1115980.4725439786,3100.4348690503452
136,2019-12-11 01:19:11,47.7,161.7,37.0,17.8,13.7,-10.9,-3.3,39000000000.0,0.13,29045570.141557176,145427624.70186242,-3717.6504999296512,-542128.5406707329,1118862.186517016,2735.3416443972365
139,2019-11-28 20:30:54,35.7,-31.7,35.0,13.0,-11.6,-2.5,-5.4,27000000000.0,0.095,59418012.52918083,135988444.08454195,-4052.4950770676255,-526770.1460547313,1121968.1739705831,2312.48979830689
141,2019-11-28 11:55:02,-22.1,25.7,22.5,24.7,-22.8,-5.5,7.6,25000000000.0,0.089,60275261.35293267,135614834.98428538,-4084.525695951316,-526318.5273894795,1122055.6662572331,2300.072389407554
142,2019-11-05 11:24:51,-10.4,-143.3,38.0,27.4,5.2,12.3,23.9,110000000000.0,0.33,108908465.36706895,101297963.45215423,-3055.7519069927735,-497225.2470045697,1127232.6876823974,1502.9873778930848
144,2019-10-10 16:16:36,44.3,122.9,47.3,14.1,1.5,-12.9,-5.4,206000000000.0,0.57,142551752.51585397,44305858.76216519,-1345.7364096740478,-464482.40937735443,1131937.9083350543,610.1494809543863
145,2019-09-28 10:40:20,-12.5,-107.2,52.0,20.4,-10.1,11.2,13.7,23000000000.0,0.082,148961114.08072713,13550140.439793784,-1109.9761533220474,-448938.97616608016,1133749.6552958058,188.25550015671163
147,2019-09-14 12:39:34,-38.6,-33.5,38.0,15.9,-12.9,8.1,4.6,109000000000.0,0.33,148269343.2570779,-22024736.225383073,821.5482592232165,-431268.07307189907,1135488.1227298747,-288.90236266448846
148,2019-09-13 02:02:04,-18.6,126.9,27.4,13.5,5.2,-8.1,9.5,42000000000.0,0.14,147715715.330891,-25670701.054752596,878.7257439138858,-429437.6306095428,1135649.1027720522,-338.144879467787
149,2019-09-12 12:49:48,54.5,9.2,42.0,18.5,-18.1,-0.4,3.7,169000000000.0,0.48,147481095.08788583,-27057002.432362653,891.519762524656,-428739.66674355674,1135709.5569124694,-356.9113526886441
150,2019-09-12 02:34:58,24.9,-47.8,30.6,17.2,-11.7,11.7,4.6,59000000000.0,0.19,147290104.29291016,-28131154.16571888,898.4273922347737,-428198.0501083395,1135756.1166259714,-371.4701254450733
151,2019-08-24 12:02:59,21.9,-130.4,39.8,13.4,11.1,-5.2,5.4,40000000000.0,0.13,131609224.63137126,-72704079.31149195,2304.2394187009354,-404629.6026406717,1137492.298275414,-1001.1901629122995
153,2019-08-16 20:36:05,38.9,7.0,36.0,14.9,-3.9,4.0,-13.8,25000000000.0,0.089,121258196.616635,-89129611.13264067,2927.49100484536,-394965.667831604,1138047.3581539784,-1257.0253067350914
154,2019-07-23 20:42:58,44.6,-147.6,30.6,16.1,1.5,15.1,-5.5,255000000000.0,0.69,76651859.1593017,-129885688.07014228,4197.182574893262,-364673.5678016005,1139205.9920481301,-2052.8939075045614
155,2019-06-30 16:52:58,21.2,-129.5,59.0,42.3,25.2,31.2,-13.3,32000000000.0,0.11,21779745.256951805,-149342225.66265532,4257.863870132443,-335501.2467708136,1139474.1055209732,-2814.0086057742856
157,2019-06-22 21:25:48,14.9,-66.2,25.0,14.9,-13.4,6.0,2.5,2947000000000.0,6.0,2091409.4539870108,-150883916.77479595,4194.333980973994,-325678.0954812719,1139375.408511237,-3069.424715796902
159,2019-05-26 10:07:55,56.6,-25.3,24.4,17.5,3.8,-5.8,16.1,42000000000.0,0.14,-65222028.52528477,-135791301.25386387,2760.22694876248,-291197.2177276485,1138260.9607790264,-3962.8931996596866
160,2019-05-25 06:44:04,-19.2,89.4,29.2,15.8,0.2,-15.7,2.1,49000000000.0,0.16,-67814697.64678292,-134495240.62643686,2586.6301235623437,-289766.7822151257,1138188.8017831063,-3999.843865878279
162,2019-05-21 13:21:35,-38.8,137.5,31.5,11.5,4.4,-8.5,6.4,656000000000.0,1.6,-76091821.1243447,-129921395.9681458,1943.3074750993233,-285101.57704526605,1137938.9990452451,-4120.314918163461
163,2019-05-19 14:47:03,-23.6,132.8,33.3,15.2,7.3,-12.2,5.3,33000000000.0,0.11,-80288205.62348872,-127332377.35179016,1615.7136434033505,-282671.0192453458,1137799.9895883342,-4183.067499758742
166,2019-04-22 21:42:11,-48.8,67.8,33.3,11.4,3.4,-4.2,10.0,124000000000.0,0.37,-127486649.16744299,-79023565.00382553,-1280.1324833816454,-249269.76846262955,1135234.827396518,-5047.257681190633
167,2019-04-14 17:54:33,18.3,-74.6,30.6,15.9,-2.5,5.9,-14.6,29000000000.0,0.1,-137055504.3682031,-60467928.45748603,-2312.904237329963,-239101.72912217226,1134199.0529681155,-5311.3102340684345
168,2019-04-06 11:59:09,56.5,94.9,41.5,18.1,6.2,11.1,-12.9,70000000000.0,0.22,-144027618.71858224,-40484331.97901918,-2866.297551648882,-228847.45534508993,1133029.7430862754,-5577.975773348428
171,2019-03-19 02:06:39,-24.0,140.3,28.7,16.2,10.2,0.4,12.6,20000000000.0,0.073,-149015207.1523924,6522265.5386601,-6215.853757508748,-206069.20121862297,1129978.2678617244,-6171.000079581684
172,2019-03-15 12:26:56,63.7,95.7,31.5,14.4,5.4,-13.2,1.7,46000000000.0,0.15,-148247191.71066728,15718130.67334089,-6409.639466672615,-201675.5498575345,1129317.4716679417,-6285.358088599688
173,2019-02-18 10:00:43,-15.5,25.3,26.0,20.8,-16.6,-12.6,0.6,1958000000000.0,4.2,-127152751.4456838,76841054.55211592,-10255.163690110538,-171020.39899173658,1124077.501308804,-7080.400010892836
174,2019-02-01 18:17:10,22.5,-83.8,23.7,16.3,-2.4,13.6,8.7,579000000000.0,1.4,-99425628.18671435,110093058.42714326,-12398.869334288407,-150923.3763396238,1120062.7076220703,-7599.129721509911
176,2019-01-22 09:18:01,18.0,6.5,42.5,11.6,-8.6,-5.9,5.0,36000000000.0,0.12,-77697361.2932358,126253908.54537109,-13525.30141777171,-138510.05132744426,1117355.1087534116,-7918.858343608979
177,2018-12-23 23:38:03,-47.5,-174.4,31.8,16.5,9.9,7.6,10.8,89000000000.0,0.27,-4812193.939321114,148172715.70098183,-15420.7378524381,-103785.47998178615,1108899.2957171146,-8808.20202562802
178,2018-12-18 23:48:20,56.9,172.4,26.0,13.6,6.3,-3.0,-31.2,31300000000000.0,49.0,8243500.663583324,148062074.64248592,-15240.991802604749,-97954.1925290259,1107358.0535136333,-8956.546152719762
179,2018-11-20 17:30:28,25.3,-6.7,27.4,17.4,-10.1,13.9,3.0,422000000000.0,1.1,78075928.8111668,126556654.86534834,-15297.110885350903,-65254.552556577204,1098122.3256913987,-9781.013269853811
180,2018-11-17 21:48:24,47.3,-172.9,32.5,19.1,7.6,17.3,-2.7,220000000000.0,0.61,84261768.26668447,122595861.28000717,-15293.606839402602,-62014.00592075953,1097154.2053978555,-9862.162377777131
185,2018-10-05 00:27:04,-39.8,-31.7,31.5,14.7,-13.2,-6.5,-0.4,38000000000.0,0.13,146628216.32545376,30828423.516188536,-13078.569119670447,-11992.917274923733,1080858.7597772912,-11112.90239575174
186,2018-09-25 14:10:33,-23.5,56.8,33.0,16.5,-16.2,2.8,0.6,806000000000.0,1.9,149910066.11304274,6850700.945192034,-11849.155906493825,-1344.3362456438654,1077026.8197196017,-11378.8982821999
187,2018-09-25 00:16:59,-34.3,44.9,40.7,12.5,-11.0,2.5,-5.5,53000000000.0,0.17,149984881.89568225,5367624.765870691,-11826.65051264444,-691.7615779503217,1076787.4183316743,-11395.192068491691
191,2018-08-27 04:36:45,-1.7,141.4,33.0,16.1,9.8,-9.6,-8.4,24000000000.0,0.086,135450299.62230182,-66089715.434260234,-9591.77103150744,31594.434064288664,1064248.972683578,-12198.72898334659
194,2018-07-25 21:55:26,76.9,-69.0,43.3,24.4,20.4,12.9,-3.8,877000000000.0,2.1,82041476.93224475,-126885055.99590805,-8110.468319853171,67208.02834801658,1048676.2713883338,-13081.974831544941
196,2018-06-26 17:51:53,32.0,12.1,63.0,14.1,-10.0,-1.0,-9.9,29000000000.0,0.1,12894565.449701026,-150494513.9316397,-7751.658607990021,98652.45496597637,1033151.4228507213,-13858.42974168
197,2018-06-21 01:16:20,52.8,38.1,27.2,14.4,-8.9,-4.3,-10.5,1224000000000.0,2.8,-1490473.0050455078,-150986478.4700404,-7863.629661962764,104684.48547700256,1029970.6335844283,-14006.341988917457
198,2018-06-02 16:44:12,-21.2,23.3,28.7,16.9,0.9,-16.4,3.9,375000000000.0,0.98,-47141102.78387278,-143153528.37967074,-8200.96882631025,123885.88076115686,1019412.424938451,-14473.434206946418
201,2018-05-03 07:23:59,46.9,-7.5,39.0,11.5,1.3,-2.1,-11.2,38000000000.0,0.13,-110897963.96840794,-101014757.89629054,-10747.180333174689,154848.3642369973,1001019.4224299742,-15218.379400700791
202,2018-04-30 13:17:57,-45.5,-1.4,34.0,13.1,8.7,-9.5,2.5,30000000000.0,0.1,-115449721.63345058,-95661082.57816511,-11112.598669994226,157603.5659560471,999299.1032613452,-15284.429368296389
203,2018-04-21 12:06:04,-59.0,45.8,28.2,14.6,7.1,-4.6,11.9,36000000000.0,0.12,-128576590.51664865,-76642682.36843891,-11485.338691651492,166597.16616399147,993587.5345861507,-15499.825152390917
204,2018-04-19 14:02:27,7.5,3.6,30.0,20.9,-9.1,-2.5,18.6,72000000000.0,0.23,-130977618.83043039,-72354376.645717,-11565.446342430128,168492.71322662322,992364.9261250079,-15545.18687679744
205,2018-04-19 13:39:38,-22.2,72.6,31.5,10.9,-5.9,-9.1,1.4,512000000000.0,1.3,-130996858.26333982,-72318633.42013998,-11566.387730876151,168508.34609923247,992354.8158113451,-15545.56093387714
207,2018-02-21 01:28:03,-13.5,-37.1,31.5,13.1,-0.9,13.1,-0.4,71000000000.0,0.22,-130544835.28005444,70149252.86510468,-18831.381318394862,223496.12274625248,953998.6853144215,-16857.22605915589
211,2018-02-01 12:21:36,-19.4,104.3,37.0,16.5,8.1,-8.4,-11.7,190000000000.0,0.53,-99047704.06897934,109898086.32553902,-21558.994922411854,241452.577884675,940202.5069937349,-17288.24548334673
213,2018-01-15 02:18:38,-52.0,57.2,43.6,23.7,18.6,-12.1,8.4,199000000000.0,0.56,-61066757.14906665,134699762.02146167,-23357.33494088739,257131.9488601697,927552.076865325,-17667.255662807645
214,2018-01-06 21:24:22,55.8,52.5,26.0,21.0,0.8,2.2,-20.9,28000000000.0,0.098,-40943300.564505115,142137697.4488642,-23873.04903628181,264404.0591577991,921476.3933958866,-17843.52378723612
219,2017-12-15 13:14:37,60.2,170.0,20.0,31.4,27.8,-4.7,-13.9,3114000000000.0,6.4,16923386.707441084,147205906.3105846,-24968.6473708169,283808.56293728773,904564.7303755918,-18313.028042941172
220,2017-11-19 04:17:32,-24.2,135.0,33.3,11.4,6.7,-3.4,8.6,28000000000.0,0.098,81307809.3100789,124573292.29704349,-24793.031534238205,305946.9867412938,883965.3877047393,-18843.798353641097
222,2017-10-23 15:31:23,28.8,44.6,35.4,16.7,-5.7,-10.7,-11.5,24000000000.0,0.086,128980892.5335672,75674264.3024476,-23440.08562854302,327347.8472377346,862584.6522891829,-19352.012353522707
223,2017-10-15 04:33:16,-65.2,128.2,24.1,15.9,9.5,-8.3,9.7,33000000000.0,0.11,138868028.23248017,56190306.29686155,-22450.040987164768,333978.0464771171,855645.1338571466,-19507.744698475675
225,2017-10-04 12:07:05,28.1,99.4,37.0,14.6,-8.5,-9.0,7.8,192000000000.0,0.54,147110643.7233626,29954748.732492894,-21339.436065545447,342222.5730403374,846800.689271706,-19699.83682788617
226,2017-09-05 05:11:27,49.3,-116.9,36.0,14.7,12.7,-6.1,-4.2,38000000000.0,0.13,144287397.65379527,-44277742.36232665,-18915.099107853635,364097.6250119109,822177.2552408125,-20198.899959611637
228,2017-07-23 06:12:38,-6.6,-69.7,38.0,17.2,-0.4,8.7,-14.8,35000000000.0,0.12,77206052.213841,-130361016.05268505,-15618.36036813204,395211.4724761393,784154.2769995747,-20896.491668020157
229,2017-07-13 09:30:36,23.1,60.7,35.0,13.7,-10.0,-6.5,-6.8,73000000000.0,0.23,54762624.582975775,-141245565.66918272,-15283.788345597863,401918.77560286527,775416.0251725947,-21046.708524929025
230,2017-06-30 14:26:45,-34.3,134.5,20.0,15.2,10.9,-9.7,4.2,94000000000.0,0.29,23545690.708006915,-149557403.29739964,-15369.633664708286,410462.3658339308,763955.352386397,-21237.903804153524
231,2017-06-23 20:21:55,57.0,143.7,35.1,24.3,17.7,13.1,-10.3,184000000000.0,0.52,6536335.185449448,-151176705.06716445,-14736.317873206042,414897.385786584,757848.7085763842,-21336.922433936903
232,2017-06-20 13:41:32,-54.2,133.0,33.3,13.6,8.7,-5.7,8.8,636000000000.0,1.6,-1762812.0559468109,-151256110.29088324,-14689.19628107784,417031.28294158215,754870.46728003,-21384.488209897925
233,2017-05-24 07:03:03,-9.1,101.8,46.0,18.4,-6.5,-16.5,-5.0,90000000000.0,0.28,-68176229.41041957,-134348296.78084144,-15489.573185265697,434302.9988263618,729707.8882396695,-21770.23071651286
236,2017-04-30 21:28:28,-25.7,56.2,32.4,21.5,-13.4,-14.2,8.9,150000000000.0,0.43,-114197033.45099148,-97140602.5225702,-17201.155595035187,448340.6972142817,707548.4677907921,-22086.189937548774
238,2017-03-09 04:16:37,40.5,-18.0,23.0,36.5,-15.3,25.8,-20.8,400000000000.0,1.0,-145098459.80390078,30142876.911855698,-22907.721684099233,476742.9975987001,656038.1213382086,-22714.885350260527
240,2017-02-25 01:22:59,29.5,13.5,25.4,12.2,-7.6,-9.3,2.2,65000000000.0,0.21,-135216059.98137328,59946849.92524263,-24537.255686498716,482614.38849308976,643996.0649481121,-22841.055329767652
242,2017-02-18 19:48:29,6.2,60.4,38.0,24.2,-6.6,-22.7,-5.3,295000000000.0,0.79,-127731766.54002616,74319329.23918064,-25514.88492945527,485539.6094145989,637785.0546118987,-22903.57609111039
245,2016-12-23 03:29:09,21.3,49.3,42.0,29.7,-22.4,16.4,-10.5,38000000000.0,0.13,-3340103.6901197187,147680269.4707743,-29263.67385837174,509784.9337956164,579982.3060849557,-23409.40337603535
248,2016-11-24 14:10:34,-15.2,80.3,30.6,17.4,9.1,-11.2,9.7,138000000000.0,0.4,68710803.37638524,131547428.75689605,-29105.504102874733,520168.1715266001,551251.989459921,-23620.18088879327
250,2016-10-01 20:23:45,36.2,6.7,27.8,14.2,-10.0,3.9,-9.3,31000000000.0,0.11,148492664.21945935,23538833.023574274,-25815.56368249464,537116.670433714,496541.7228084909,-23967.474704291777
251,2016-09-22 04:57:49,-51.8,178.5,40.0,17.5,-2.5,-3.3,17.0,71000000000.0,0.22,150673807.18584839,-1111481.5948301007,-24280.04344575501,539766.9472722095,486615.89578880684,-24019.60552459458
252,2016-09-14 15:01:51,-3.5,44.6,54.0,18.3,3.5,-16.2,7.7,76000000000.0,0.24,149525668.36924544,-20481660.803293996,-24138.459401856893,541763.9734738516,478790.1358399618,-24058.257051795383
254,2016-08-11 05:59:58,-43.7,53.8,34.3,14.9,-0.7,-11.4,9.6,184000000000.0,0.52,114579504.01969703,-99473029.85275811,-21452.416785233316,549790.8288538418,443037.9540835827,-24206.97359136466
257,2016-07-05 01:24:26,1.0,48.6,38.2,25.1,-10.3,-2.0,-22.8,153000000000.0,0.44,35391581.71301308,-147659137.77604547,-18648.510920087752,556400.5648712931,404048.79080061207,-24307.27642373692
258,2016-06-27 10:02:42,15.8,-11.9,33.3,29.1,-29.1,1.5,0.7,458000000000.0,1.2,16331406.421262678,-150865883.02112526,-18665.326913006316,557487.7426506286,396035.56376218534,-24319.181362612744
259,2016-06-05 06:12:55,-17.4,138.3,28.7,14.5,6.0,-11.9,5.7,331000000000.0,0.87,-39258756.37984819,-146113112.5898959,-18345.88134963093,560164.755938178,372815.61573999666,-24341.371812460893
262,2016-05-20 11:59:46,-32.8,15.1,30.6,20.8,5.4,-9.9,17.5,20000000000.0,0.073,-75885083.0756423,-130323407.37472305,-19516.785372837432,561647.5169242523,356316.5188033455,-24348.144423387257
263,2016-05-16 10:09:41,3.2,6.6,41.7,12.2,-6.7,-3.3,-9.6,519000000000.0,1.3,-84579975.25829032,-124688476.73042668,-19382.429051630013,561974.7557893962,352050.4336833265,-24348.79503939537
266,2016-04-18 11:59:10,20.7,-14.5,31.5,17.1,-3.5,2.2,-16.6,224000000000.0,0.62,-131266293.02880922,-71730105.66438596,-21045.47052338607,563595.3473388809,322843.1447766403,-24341.587570476004
268,2016-04-10 14:57:53,22.0,149.0,35.2,15.1,4.7,-12.9,-6.4,655000000000.0,1.6,-139439948.01658177,-53278544.04986238,-21317.00153217271,563854.4020995578,314611.15387471946,-24335.63200650215
269,2016-03-16 23:54:20,-49.2,-6.3,42.0,13.3,-7.6,9.1,6.0,32000000000.0,0.11,-148031961.199013,9101891.691676429,-23520.377832839637,564111.4149704416,288894.26433360536,-24306.686065311576
270,2016-03-03 01:32:43,-48.0,51.0,31.8,11.7,4.8,-7.1,7.9,58000000000.0,0.19,-141024373.04238093,44418538.54304874,-25658.422629243218,563879.2689857086,274346.85627163516,-24284.852240477674
271,2016-02-23 03:59:13,32.3,67.2,44.0,17.9,-8.5,-1.6,-15.7,35000000000.0,0.12,-132157565.84993942,65734126.58475736,-25915.646548537658,563578.3282083173,265054.5600896,-24268.479472278636
273,2016-02-19 08:15:02,0.7,-11.6,39.4,15.5,-14.9,-0.5,4.1,202000000000.0,0.56,-127355113.54137601,74434480.29376604,-25968.87366003315,563411.1410777528,261063.43329256668,-24260.76712640356
275,2016-02-06 13:55:09,-30.4,-25.5,31.0,15.6,2.7,14.5,5.0,6853000000000.0,13.0,-107298612.00244816,100885853.95093563,-27732.340512113016,562682.5485855567,247742.56385384785,-24231.608071521572
276,2016-01-27 09:59:16,-45.8,53.6,37.0,11.5,-10.0,-4.4,3.6,50000000000.0,0.16,-87401000.87996933,118390392.64885482,-28008.263011249775,561909.4188959765,237149.25974379794,-24204.063947166156
277,2016-01-21 16:44:54,-10.8,0.7,42.5,18.1,-3.8,-17.7,-1.2,46000000000.0,0.15,-74935901.12966026,126611861.08827786,-27992.328639894746,561397.3138220244,231198.5652698278,-24186.608867431154
279,2015-12-21 02:32:48,5.9,143.0,42.2,12.1,6.4,-10.0,2.5,83000000000.0,0.26,3976957.218127215,147332434.16462064,-29156.25594002596,557581.5004660394,198544.4508072579,-24062.146148191176
285,2015-10-13 12:23:08,-8.0,-52.5,38.9,12.9,-6.6,3.8,10.4,23000000000.0,0.082,141139296.55479193,50284163.181478396,-26306.795196323626,544086.8973760456,129582.49304642648,-23652.37615166032
287,2015-10-10 09:57:51,-51.0,-21.1,51.8,11.8,-1.3,-5.1,10.6,36000000000.0,0.12,143747933.09630808,42722621.70187423,-25741.556806992685,543329.7182338575,126542.90209124156,-23629.631404411477
291,2015-09-08 13:46:42,6.3,29.9,44.4,16.1,-11.5,-11.3,-0.9,20000000000.0,0.073,146383526.67691043,-37939630.42224058,-22320.412758256047,534981.4834824832,95685.00814374516,-23384.590528333378
292,2015-09-07 01:41:19,14.5,98.9,29.3,21.0,16.8,-12.0,-3.8,1798000000000.0,3.9,145420409.88800532,-41659138.02788178,-22147.874345419285,534561.9238077413,94240.97710767448,-23372.615679787137
293,2015-09-02 20:10:30,39.1,40.2,39.8,24.1,10.3,-12.2,-18.0,37000000000.0,0.13,142206648.16812807,-51964548.93828239,-21930.728318427864,533369.4034432722,90184.56670266563,-23338.74365030717
295,2015-07-19 07:06:26,20.6,-87.6,22.0,17.8,9.4,13.0,7.8,23000000000.0,0.082,67432695.86730039,-136470987.02727374,-18401.009864504107,519292.57636605785,46926.68101579629,-22951.636435076638
297,2015-07-04 01:40:11,38.6,103.1,46.3,49.0,0.9,-40.4,-27.7,56000000000.0,0.18,31068697.084902197,-148960129.37362,-18274.1621857333,514035.1559884526,32627.754616009428,-22809.70607772316
298,2015-06-14 03:03:06,6.3,124.1,32.4,31.9,-4.7,-17.8,-26.0,71000000000.0,0.22,-19162254.224134803,-150647489.18430856,-17258.493428461225,506695.5736937351,14018.315756315556,-22614.654019077534
304,2015-05-10 07:45:01,-46.3,-179.3,29.6,12.2,11.2,0.9,4.7,143000000000.0,0.42,-98325613.4530211,-114252937.52255651,-18502.943614545875,492490.0955828432,-18056.13089155858,-22242.448305933674
305,2015-05-07 20:34:34,-21.5,-29.3,37.0,17.3,-16.2,-5.8,1.4,52000000000.0,0.17,-102932683.55099288,-109980242.55783327,-18647.23198697824,491412.08728640043,-20301.771475245852,-22214.22707832231
306,2015-04-30 10:21:01,-48.7,139.1,26.7,12.9,12.2,-4.2,0.9,105000000000.0,0.32,-115684935.16326693,-95986576.44429426,-18481.47329320326,488106.882973437,-27038.170044065333,-22127.55641632467
307,2015-04-21 01:42:51,37.7,-39.6,37.4,21.3,-15.3,12.8,7.4,88000000000.0,0.27,-129108091.76454735,-76195985.23780389,-18753.843112209728,483817.85560540954,-35463.61758232881,-22014.647504746066
309,2015-04-08 04:06:31,-25.5,51.5,36.3,19.2,8.0,-15.6,-7.9,173000000000.0,0.49,-142115197.61650857,-45834698.801345676,-20225.992657949228,477694.44697459735,-46942.38507689146,-21853.07854868026
311,2015-03-30 21:33:52,-36.1,-5.5,33.1,13.8,-13.7,-1.7,0.8,64000000000.0,0.2,-146820656.77643827,-25102860.789661594,-20112.605155260964,473646.24236276466,-54219.416916449576,-21746.713767484656
313,2015-03-11 06:18:59,8.0,119.1,35.2,19.9,5.5,-10.5,-16.0,72000000000.0,0.23,-145933423.5876895,25370723.025912553,-22175.26784924311,463674.98147665575,-71221.05262995737,-21487.376712443554
315,2015-03-04 04:30:05,-15.9,88.1,39.8,18.0,7.8,-16.0,-2.5,55000000000.0,0.18,-141423362.58190793,43131292.94435772,-22081.75747817506,459961.85076429683,-77251.21175121565,-21391.80796304756
316,2015-02-26 22:06:24,68.0,-149.0,33.7,21.1,5.6,-2.3,-20.2,188000000000.0,0.53,-136669378.50810304,55942344.51874931,-22350.623443412514,457158.672559025,-81705.64507067895,-21320.018631689123
318,2015-02-17 13:19:50,-8.0,-11.2,39.0,28.8,-28.2,3.4,4.6,33000000000.0,0.11,-125376122.24224956,77498958.54815492,-23728.905966395334,452092.8291889037,-89555.37914619446,-21191.040011772024
320,2015-01-09 10:41:11,2.0,28.8,36.0,17.5,-10.7,-7.6,11.6,139000000000.0,0.41,-46562952.30409383,139282060.73364943,-24819.483173906443,429899.70102810574,-121323.91114885685,-20634.536625648958
321,2015-01-07 01:05:59,45.7,26.9,45.5,35.7,-35.4,1.8,-4.4,136000000000.0,0.4,-40573117.59240567,141149054.63415667,-24736.41412685955,428488.98944146343,-123220.3640917377,-20599.678698227053
322,2015-01-02 13:39:19,-31.1,140.0,38.1,18.1,4.5,-14.4,-10.0,20000000000.0,0.073,-29210944.442545287,143956490.52347773,-24844.96695177356,425842.7453915509,-126743.88980150755,-20534.541174246737
323,2014-12-13 02:53:52,86.7,-162.1,30.7,21.7,15.3,-13.3,-7.8,44000000000.0,0.15,23966995.74153988,145244004.54638472,-24779.68761818205,413515.6033658189,-142601.90866318805,-20234.94178567945
324,2014-12-12 06:48:11,33.5,144.9,26.3,12.0,11.5,-2.8,-2.2,33000000000.0,0.11,26125710.437354404,144890420.4829575,-24709.354940238696,413002.2252154824,-143243.18028012887,-20222.57715120842
326,2014-11-28 11:47:18,-45.8,-172.7,26.1,13.4,0.4,-1.4,13.3,700000000000.0,1.7,60539817.34101623,134634960.15458465,-24918.90112262959,404444.03003438096,-153716.4239761014,-20017.3235711023
328,2014-11-26 23:16:51,-69.5,-179.7,23.3,25.3,21.3,2.2,13.4,118000000000.0,0.35,64157221.57779271,133006630.56574345,-24915.179964119503,403488.21469287825,-154861.06287496613,-19994.475422095566
329,2014-11-26 17:40:16,-68.2,-24.0,37.0,19.9,-7.0,16.1,9.4,105000000000.0,0.32,64709140.981986344,132747940.12895715,-24909.70187388448,403341.1305448674,-155036.76213153018,-19990.96034853642
330,2014-11-04 20:13:30,43.1,115.8,22.2,16.0,-7.2,-12.1,-7.7,156000000000.0,0.45,110413345.36492622,99341716.61919403,-23224.394226747296,389304.1261407431,-171268.681288537,-19655.560693043062
333,2014-10-14 10:25:03,-2.0,119.2,27.2,16.9,15.0,-6.9,-3.5,29000000000.0,0.1,139875554.0295791,52790298.751276016,-20970.201200406023,375074.7875565776,-186668.72089537827,-19312.638282624164
339,2014-08-23 06:29:41,-61.7,132.6,22.2,16.2,-2.3,5.7,16.5,3819000000000.0,7.6,131182842.14498734,-76168738.87307549,-15861.867605759464,338454.5264074471,-222046.8142773287,-18422.787483909568
342,2014-06-28 02:40:07,18.9,141.2,26.3,12.4,12.0,3.5,-10.5,245000000000.0,0.67,16601438.181936486,-151460968.4511747,-12113.105498554949,296367.45120645425,-256331.3616518127,-17389.834826922848
343,2014-06-26 05:54:41,-71.5,93.4,28.5,11.2,7.0,2.9,8.3,61000000000.0,0.2,11896681.964467123,-151884551.16273805,-12120.732887189151,294934.50867560104,-257403.1607253845,-17355.025980237722
345,2014-05-16 20:06:28,-39.4,-95.9,30.8,18.0,2.9,13.4,-12.5,136000000000.0,0.4,-85033045.21399827,-125202153.71811724,-12665.724195337518,263341.5843382239,-279709.8178272908,-16598.523855852
346,2014-05-16 12:42:48,-44.2,-176.2,44.0,16.5,14.4,4.6,6.5,309000000000.0,0.82,-85673802.04221667,-124750553.61876057,-12654.244184113139,263096.39582425175,-279873.37081361475,-16592.72004041779
347,2014-05-08 19:42:37,-36.9,87.3,35.4,19.0,-2.0,-16.1,9.9,1050000000000.0,2.4,-100904337.53747554,-112387807.60915448,-12205.603712105829,256938.6644364597,-283932.76000777533,-16447.13084462521
348,2014-03-29 13:45:41,-28.7,121.5,30.7,16.3,10.0,-12.7,2.2,39000000000.0,0.13,-147471511.66625386,-22620949.114227705,-14806.309385494105,224050.36610632046,-304095.9107588098,-15677.56972458408
354,2014-01-12 16:00:48,2.9,64.4,37.0,16.2,-5.2,-15.1,2.6,78000000000.0,0.24,-55380342.56865983,135909267.87746617,-18045.348488399217,158072.60706232386,-336617.43498746085,-14151.40568757822
355,2014-01-08 17:05:34,-1.3,147.6,18.7,44.8,-3.4,-43.5,-10.3,31000000000.0,0.11,-45667490.66418339,139456417.4196932,-18427.073900304826,154507.4257026963,-338061.5409106354,-14068.661556387568
356,2013-12-23 08:30:57,39.5,2.0,34.3,15.1,-1.1,11.4,-9.9,147000000000.0,0.43,-3650019.614067878,146756996.12603638,-17904.881726280877,139671.18289037445,-343747.04522379185,-13724.99124981263
357,2013-12-08 03:10:09,32.8,-165.1,23.5,11.8,2.3,2.5,-11.3,64000000000.0,0.2,35792952.30360094,142637710.30703518,-18241.733572515266,125756.39801474154,-348619.94080505264,-13403.680104442636
358,2013-11-21 01:50:35,44.7,35.3,59.3,12.4,-5.0,-11.0,-2.7,75000000000.0,0.23,76852659.50242855,125946341.76617417,-16632.647397331682,110079.70274319871,-353604.54100701615,-13042.739644057225
359,2013-10-12 16:06:45,-19.1,-25.0,22.2,12.8,-8.0,8.4,-5.5,1610000000000.0,3.5,140962017.3627255,48988846.11708437,-14289.388198026087,73719.58041981242,-363278.0345567969,-12209.6654544125
364,2013-07-31 03:50:14,-31.8,137.1,29.1,17.8,17.7,-2.3,-0.1,69000000000.0,0.22,93347910.65629795,-120156068.41647302,-6995.97005737666,5651.866924605545,-375626.98662876233,-10678.722272142282
365,2013-07-30 02:36:58,-50.2,90.2,25.6,18.8,15.9,-8.6,5.1,390000000000.0,1.0,91242263.32017237,-121789144.62642527,-7016.419310089595,4672.239475363118,-375752.3768737291,-10656.62211249572
366,2013-07-27 08:30:36,0.3,156.2,26.5,22.1,16.0,14.9,-3.3,120000000000.0,0.36,85590750.36838198,-125887662.08189513,-7058.592834525955,2103.574431920859,-376074.08401725016,-10598.674776065774
372,2013-04-30 08:40:38,35.5,-30.7,21.2,12.1,1.0,9.0,-8.0,5110000000000.0,10.0,-115556820.62212394,-97210894.43943197,-5969.3387503033055,-80794.79760112875,-380529.0942402354,-8719.842038221535
373,2013-04-21 06:23:12,-28.1,-64.6,40.7,14.9,5.0,14.0,1.0,1066000000000.0,2.5,-128780052.09906922,-78104942.87967117,-5594.834930025567,-89393.70775263844,-380280.6474434267,-8525.040580923447
376,2013-02-15 03:20:33,54.8,61.1,23.3,18.6,12.8,-13.3,-2.4,375000000000000.0,440.0,-123268487.95013274,81350354.13618764,-9717.809575942149,-150495.74174424284,-374792.8488671646,-7173.0783045550725
382,2012-11-20 20:37:31,2.5,29.6,33.3,14.3,-12.2,-5.3,5.3,25000000000.0,0.089,76415450.97089814,126000823.31443214,-9857.346022057529,-229890.89509326755,-357931.9052872813,-5473.885905110408
385,2012-10-19 16:26:22,-75.4,49.6,29.3,13.2,-2.3,-3.9,12.4,23000000000.0,0.082,133047625.22122243,66159483.47784225,-7268.205067082577,-258943.18906823714,-348619.1089645474,-4846.436208502533
386,2012-10-09 00:54:55,51.2,-84.6,27.8,13.5,3.4,12.0,5.1,210000000000.0,0.58,143396750.655045,40750343.44792782,-5754.0563301851125,-268431.15027514816,-345153.78027077654,-4641.219161009732
388,2012-10-02 16:38:38,-8.1,-111.9,35.0,15.4,1.4,15.3,1.0,470000000000.0,1.2,147277236.70315212,24901088.850231912,-5665.8622724905,-274049.56635736267,-342999.13352333894,-4519.675290688727
390,2012-09-18 19:34:39,1.2,-52.2,28.1,18.3,-1.9,14.1,-11.5,244000000000.0,0.67,149656344.004392,-10543902.385607187,-4034.09438402725,-286236.06396872544,-338057.0347710796,-4256.056067851027
392,2012-09-10 01:03:32,-69.8,-111.7,23.8,16.9,-10.2,-5.2,12.4,23000000000.0,0.082,146807360.87175873,-32789751.28203957,-3113.850865134183,-293860.03426940506,-334774.6083993135,-4091.1411865852065
393,2012-08-27 06:57:43,-18.3,64.2,38.7,28.9,-8.0,-23.7,-14.5,68000000000.0,0.22,135808320.78926557,-66016642.59612328,-2341.436668289497,-305681.21461477625,-329386.2473070147,-3835.24678728012
394,2012-08-26 14:55:47,11.8,117.0,36.0,12.7,5.0,-11.6,-0.7,249000000000.0,0.68,135080485.7743159,-67554059.20431672,-2227.8670033648405,-306250.91529882175,-329117.1337757095,-3822.907834487412
397,2012-07-25 07:48:20,36.4,41.5,26.8,18.5,0.8,2.0,-18.4,133000000000.0,0.39,81538620.7269264,-128322499.73011096,749.9656316496776,-333243.579802021,-315371.0380627959,-3242.819948463168
401,2012-05-15 11:04:17,-61.8,-135.5,33.3,17.1,-0.8,1.1,17.0,132000000000.0,0.39,-87480232.04453623,-123935721.75632587,1322.6340280303318,-389070.34413539193,-281148.7313352208,-2078.5235349260897
407,2012-03-12 06:40:44,2.5,139.8,25.0,11.8,0.1,-11.8,0.3,99000000000.0,0.3,-147624983.5573487,20642334.48772093,-1259.8310187841414,-436513.319727924,-245435.63685305332,-1101.2946625150646
414,2012-02-04 14:42:51,32.4,0.1,34.2,12.2,-3.9,10.9,4.0,150000000000.0,0.43,-104763695.43946694,104026214.666019,-3234.9488946790807,-462215.970659554,-222541.8673554083,-569.6225820195123
415,2012-01-15 12:26:20,-64.1,109.9,26.3,12.3,-1.9,5.1,11.0,21000000000.0,0.076,-61689751.605092406,133604779.5744358,-3710.462631733778,-475677.2066664877,-209195.38898244785,-296.313858154918
422,2011-09-13 23:36:47,-19.9,-13.8,21.3,16.7,-3.7,1.8,16.2,67000000000.0,0.21,147972627.85080475,-24522302.421498496,991.5804980781204,-546535.5389831854,-117511.70728235645,1065.9612419790496
433,2011-05-25 05:40:02,4.1,14.0,59.0,11.6,-3.4,-10.8,2.4,2280000000000.0,4.8,-68104615.9059104,-135662703.70982945,5455.579960547323,-592729.6426446307,-23685.694698277322,1952.6566063442451
439,2011-04-06 08:30:55,71.1,-43.5,22.2,12.7,3.3,11.8,-3.5,148000000000.0,0.43,-144466271.6842542,-41357084.52987225,3458.1252163070003,-606805.0873092085,19708.77629584426,2191.742219139276
443,2011-03-01 10:37:54,53.5,103.9,30.6,11.9,-6.7,-1.1,-9.8,37000000000.0,0.13,-140193399.4604547,49931503.134703,1117.805002392139,-614895.9108703384,51980.381922698994,2308.6521633822445
444,2011-02-21 05:07:03,26.3,43.7,44.4,18.0,10.3,-14.8,0.1,39000000000.0,0.13,-131303346.65406027,69379613.54595359,1194.9721648480245,-616498.9684684946,59420.76856516176,2329.5617746797393
448,2010-12-25 23:24:00,38.0,158.0,26.0,18.1,18.0,-2.0,-4.0,20000000000000.0,33.0,-10657339.168474276,146901236.14064768,-1145.0246543953804,-625222.0497171244,111735.64821067572,2425.8359557662166
463,2010-09-03 12:04:58,-61.0,146.7,33.3,12.3,9.8,-3.5,6.5,1750000000000.0,3.8,141832968.25505957,-49551281.53273869,2935.253002345475,-627189.3028514372,218943.581916763,2330.194984486513
468,2010-07-06 23:54:43,-34.1,-174.5,26.0,15.7,12.1,10.0,0.2,7560000000000.0,14.0,37847447.30101296,-146880394.05749297,5043.016965257224,-619119.2815187607,273535.7088581409,2078.760233043597
473,2010-04-16 04:38:52,1.8,-176.9,22.2,18.8,12.4,-13.2,-5.2,844000000000.0,2.0,-135585054.74469164,-65348228.74183378,3232.3143495582694,-599663.6939716168,347206.86243426544,1594.2291485271505
479,2010-03-08 22:02:07,32.0,-92.9,52.0,24.5,19.1,11.0,10.7,323000000000.0,0.85,-145898276.45431143,31056029.15334794,1209.4670351841237,-587417.3389529678,380845.7511143318,1312.3767966945272
480,2010-02-28 22:24:50,48.7,21.0,37.0,15.1,-11.7,2.7,-9.1,153000000000.0,0.44,-139926224.08367062,50880269.224691056,851.6825718771374,-584579.6882760242,387787.3087931419,1246.6485919820775
483,2010-01-15 19:17:54,-8.3,27.0,25.0,14.0,-9.1,6.0,8.8,492000000000.0,1.2,-63684857.38161692,133367142.08861321,-2082.7494555010253,-567152.5769416201,425446.9780864881,836.214774222614
487,2009-11-21 20:53:00,-22.0,29.2,38.0,32.1,3.0,-17.0,27.0,10000000000000.0,18.0,74353210.03005017,127857288.29881819,-2906.610666534489,-541633.2515202863,470342.5027241207,243.55497736975244
494,2009-10-08 02:57:00,-4.2,120.6,19.1,19.2,14.0,-16.0,-6.0,20000000000000.0,33.0,143975008.18410847,38776371.343377374,-1900.089631973749,-518048.1055283122,505122.32437118894,-280.5879746824256
497,2009-09-04 02:23:18,42.5,110.0,28.3,24.0,19.2,-11.6,-8.5,965000000000.0,2.3,142629321.51075622,-47163566.874346286,-317.90962582998947,-498455.76220647275,530605.183944062,-691.8799933762833
498,2009-08-23 21:17:19,-67.7,18.3,34.0,12.2,-6.9,5.3,8.5,280000000000.0,0.75,131461263.5857343,-73402643.84418763,817.5496034942529,-491651.98451375106,538801.6876977814,-832.8609785609142
502,2009-06-27 13:08:05,-26.6,-12.6,26.1,15.2,-11.6,1.6,9.7,32000000000.0,0.11,15144980.498571036,-150699156.9709856,1938.4777720106952,-454138.2864883062,578763.1480247994,-1603.2870824067709
510,2009-04-10 18:42:45,-44.7,25.7,32.4,19.1,-18.9,2.6,0.3,270000000000.0,0.73,-140436838.0205593,-52844268.10419119,-828.5284535389538,-396930.06466834585,626080.9946617722,-2783.1594496650205
515,2009-02-07 19:51:32,56.6,69.8,40.0,15.4,-2.4,-1.9,-15.1,1600000000000.0,3.5,-111805951.8232732,97358428.56274873,-5387.577147470112,-348199.1292255695,657954.1756046487,-3759.753132866153
518,2008-12-24 15:51:58,-68.9,-102.0,21.1,24.1,-13.4,18.0,8.8,35000000000.0,0.12,-8253345.958190156,147601383.7136866,-6810.987530380217,-311151.5489085739,678606.8230865641,-4480.5667035666165
521,2008-11-24 22:01:19,-57.9,146.1,34.8,23.7,21.5,10.0,0.4,146000000000.0,0.42,67030052.48051469,132128550.26348382,-7191.025609816522,-285794.2269838483,691012.7496810362,-4973.557868885549
522,2008-11-21 00:26:44,53.1,-109.9,28.2,12.9,3.9,-4.1,-11.6,142000000000.0,0.41,75965157.49928294,127286029.87536354,-7398.52942581707,-282410.68424321583,692556.3980580915,-5039.5778979000615
523,2008-11-18 09:41:51,-29.4,75.9,35.2,22.4,-4.0,-15.2,-16.0,25000000000.0,0.089,81757922.5067286,123706936.30319767,-7632.853403235899,-280134.31868549215,693580.0485343947,-5084.010379140522
525,2008-10-21 02:20:25,32.8,-165.6,29.6,11.3,9.6,5.8,1.5,46000000000.0,0.15,131304554.62378585,70473657.44045307,-7350.688792806082,-255125.77338991457,704047.4029781217,-5571.203196230127
527,2008-10-07 02:45:45,20.9,31.4,38.9,13.3,-9.0,9.0,3.8,395000000000.0,1.0,144769473.88250858,37108137.121005,-6587.90510876514,-242543.10314154986,708788.7865976166,-5814.292332690032
531,2008-08-07 06:07:10,18.5,180.0,45.4,13.8,6.5,-12.1,1.7,41000000000.0,0.14,107080214.81386377,-106558949.68845694,-4700.404206258643,-186445.98155796825,725770.9679660655,-6883.453455709594
532,2008-07-23 14:45:25,38.6,68.0,31.5,14.5,-7.7,-8.2,-9.1,121000000000.0,0.36,78075245.24355914,-129551509.68770628,-5173.725967053223,-172762.0686420373,728987.2678557026,-7135.796794175614
535,2008-07-08 15:55:30,72.8,147.3,52.2,21.7,-12.9,1.9,-17.4,66000000000.0,0.21,43622873.024623066,-144928409.97923627,-4491.920247847813,-158730.46806961563,731961.9079242597,-7389.9676960624665
536,2008-07-01 17:40:19,37.1,-115.7,36.1,9.8,2.8,1.7,-9.2,36000000000.0,0.12,26582159.043267645,-149002004.94113848,-5110.225616663524,-152206.55941282754,733233.9387953863,-7507.209576411676
537,2008-06-27 02:01:23,-26.9,-17.7,33.7,23.1,-17.9,13.0,6.6,172000000000.0,0.49,14921318.436211074,-150599650.5704517,-5132.396488773209,-147817.4108023171,734049.969068364,-7585.863874102798
540,2008-05-24 10:18:10,0.8,162.0,37.0,14.2,7.9,3.1,11.4,150000000000.0,0.43,-67718843.27032414,-134856157.54520306,-5280.569830221643,-115883.05745758292,739037.1464272529,-8154.199040802702
547,2008-03-15 11:29:55,28.0,-41.5,26.7,12.9,-4.1,4.8,-11.2,50000000000.0,0.16,-148313572.90362555,13322791.551117005,-9582.040133857208,-48572.93990400348,744085.8285833837,-9343.872592242558
551,2008-02-17 12:19:16,74.9,-73.4,40.4,13.9,-5.8,-10.7,-6.7,110000000000.0,0.33,-125512724.06282452,78848873.18672828,-11280.612714627412,-22449.373799748704,743934.1409145457,-9810.049306601846
554,2008-01-09 03:53:15,-66.8,-67.3,31.5,11.6,4.3,5.7,9.1,41000000000.0,0.14,-45784699.31890496,140541102.90671203,-12716.418435208958,15439.447967208558,741674.0674988322,-10475.098004255618
558,2007-10-12 09:14:03,88.5,116.6,37.0,18.4,-4.5,-14.1,-10.9,33000000000.0,0.11,141651847.9037401,48262714.90237004,-12697.319585762096,99499.4401667502,729098.1746485289,-11871.311784950785
560,2007-09-22 17:57:12,-49.2,-85.5,30.2,16.9,-9.2,13.6,3.8,237000000000.0,0.65,150257849.53932768,-1248098.1676936045,-12248.618464580619,117991.32519397803,725050.6601911082,-12165.383329866143
561,2007-06-11 09:47:05,-23.4,-170.9,35.2,17.0,16.7,-2.1,-2.2,49000000000.0,0.16,-26123407.693652976,-148902563.05198637,-11556.514278597588,214680.19534963102,694044.3421162749,-13676.215699222912
567,2007-04-18 12:44:23,-83.7,-171.2,38.0,24.4,-5.3,-2.5,23.7,112000000000.0,0.33,-132350772.38962366,-69880467.40844013,-13439.51878416399,262891.33977411117,671075.7384615123,-14380.575679786118
569,2007-03-17 06:48:35,7.1,4.1,32.5,14.5,-7.3,-1.9,-12.4,40000000000.0,0.13,-148226844.06054577,10518743.592164556,-14637.911475503017,290621.40317967074,655546.2308003396,-14763.274048743026
574,2007-01-22 07:24:56,45.4,53.5,32.0,13.4,-3.3,-12.8,-1.9,76000000000.0,0.24,-77224972.40672046,125774990.14598165,-17217.93631427974,335313.23628682893,626994.7010326231,-15356.556461957676
578,2006-12-09 06:31:12,26.2,26.0,26.5,15.9,4.9,-15.0,1.6,7410000000000.0,14.0,33662494.792344436,144133676.0489534,-18380.517599334813,370415.5097901111,601233.2093064077,-15816.538978820978
583,2006-10-14 18:10:49,49.4,-175.0,44.4,23.9,4.9,23.4,-1.0,258000000000.0,0.7,139551844.793545,54435832.22631071,-17703.155853298773,412479.79751490575,565359.0609957108,-16335.10498752511
590,2006-09-02 04:26:15,-14.0,109.1,44.1,14.2,10.0,-9.9,1.5,1230000000000.0,2.8,141825828.76559854,-52346247.17769326,-15600.893088963925,442760.7827922819,535479.1981411783,-16664.705301262937
596,2006-07-15 23:55:45,-78.3,-5.0,29.6,12.4,0.1,2.0,12.2,85000000000.0,0.26,60516046.22103766,-139200285.35139984,-14923.847101910296,474915.33007914125,499611.52141237515,-16957.77725301489
597,2006-07-15 15:22:49,31.1,45.6,38.9,30.2,9.2,-1.2,-28.7,163000000000.0,0.47,59687874.44201499,-139556240.05043957,-14884.003140348843,475145.6818931673,499338.3701215707,-16959.739689692484
598,2006-06-07 00:06:28,69.2,22.5,40.7,19.6,6.1,4.6,-18.0,59000000000.0,0.19,-36096097.19923539,-146869759.84088597,-14732.928746156807,499478.2404950842,468925.3458388728,-17159.367346429015
609,2006-02-04 08:38:05,36.9,-143.6,38.9,19.8,-8.8,3.4,-17.4,100000000000.0,0.3,-104278396.77248691,104084262.03894879,-19032.993548068986,565515.2460719335,361750.14092751144,-17549.420492253827
610,2006-01-28 03:33:48,-51.7,56.4,37.0,18.7,8.4,-16.4,3.2,740000000000.0,1.8,-90111190.18598512,116479471.35657157,-18654.113256445857,568728.3578175866,355053.8139025114,-17555.044433446652
613,2006-01-10 23:25:28,29.8,-12.7,32.4,16.9,-9.9,-6.3,-12.2,28000000000.0,0.098,-50972488.977914624,138133393.59190828,-19740.716602281223,576079.6566811159,339006.1752799055,-17560.788528945046
615,2005-12-29 10:05:35,-3.0,-154.9,42.2,20.7,18.6,8.5,3.2,190000000000.0,0.53,-19164065.552377105,146113068.3628239,-19121.066631359943,581197.0263051143,327195.6489350259,-17558.34015439213
617,2005-12-03 12:45:49,-33.8,117.4,32.2,17.0,-12.1,-9.6,7.2,88000000000.0,0.27,47675595.43027615,140046530.6041482,-18993.77038152607,591113.6744799505,302669.50239507,-17536.347922785688
622,2005-11-09 07:33:08,-31.0,145.9,30.7,13.8,13.5,-2.7,-0.7,73000000000.0,0.23,101791753.25896762,108515593.0177837,-18631.40672211496,599709.2026369685,279531.9014630775,-17497.412781270472
630,2005-08-09 14:35:45,-21.5,56.2,37.0,16.9,-16.3,4.3,1.4,25000000000.0,0.089,111590680.37927452,-103189698.43533792,-16047.120990558957,626646.7734639293,188817.30454503885,-17237.488991999802
634,2005-06-03 08:15:41,-31.0,-90.3,29.6,26.2,-1.5,25.3,6.7,82000000000.0,0.25,-44273654.84341561,-144838523.38498503,-15094.818212025613,639192.7896690592,118907.86186329648,-16860.28019397236
637,2005-05-07 09:31:44,-75.8,163.7,15.2,16.6,9.6,-9.7,9.4,26000000000.0,0.092,-102599465.17998077,-110063084.2930963,-15335.140317587258,642261.0046589454,90483.99595929206,-16654.480260745106
640,2005-04-19 07:37:47,-50.2,-146.4,38.5,16.8,9.3,13.8,2.5,232000000000.0,0.64,-130419945.37856875,-73425270.12844364,-15897.736419947234,643739.4255913763,71329.87452128559,-16505.184030277283
658,2005-01-02 23:09:51,-21.3,154.7,35.2,21.5,20.2,-3.3,6.6,119000000000.0,0.35,-31461607.19071661,143512768.351475,-17277.31668704145,643031.5796867306,-42667.74336203915,-15468.767989986456
667,2004-10-07 13:14:43,-27.3,71.5,35.0,19.2,-15.3,1.0,11.6,10400000000000.0,18.0,145322184.4808901,37410501.99573069,-15300.24835711953,629284.855912944,-136725.27106735887,-14327.816791105852
680,2004-06-05 20:34:10,1.3,-174.4,43.0,19.5,9.4,17.0,-1.5,1810000000000.0,3.9,-37576228.07589023,-147197397.2204697,-10367.087200242233,592190.5682545425,-266527.57100754784,-12303.17359679593
689,2004-04-22 04:21:49,-44.3,83.3,29.6,16.3,8.5,-12.1,-6.8,624000000000.0,1.5,-126511806.12294817,-80741665.37518117,-10762.605207905535,573560.2252663332,-313029.5271882973,-11474.640712882769
690,2004-04-06 03:24:49,-12.0,162.8,35.0,25.6,10.5,-23.2,-2.9,433000000000.0,1.1,-142895560.20781425,-43144238.77525838,-10770.991819482244,566027.8125470466,-329593.7663767109,-11158.70453218208
701,2003-11-10 13:54:06,-64.5,136.2,23.0,20.1,14.8,-8.7,10.4,518000000000.0,1.3,100176305.42784359,109103378.57034418,-9021.830334878845,478526.8861998457,-472939.99930218136,-7883.845296064528
706,2003-09-27 12:59:02,21.0,86.6,26.0,18.2,-1.0,-5.4,-17.3,2150000000000.0,4.6,150042264.4234485,9861918.887575332,-7105.193142527738,447133.7294899331,-512586.0913220458,-6823.04486328909
866,1998-01-04 23:00:27,-35.1,33.4,30.0,17.1,6.0,-10.6,12.0,74000000000.0,0.23,-37841460.97041279,142985356.86186385,30718.330850055172,-1191787.4159331582,522391.59212678846,29663.76604528866
