index,Peak Brightness Date/Time (UT),Latitude (deg.),Longitude (deg.),Altitude (km),vx,vy,vz,lat,lon,a (km),e,i (rad),Omega (rad),omega (rad),M (rad)
0,2023-08-05 19:54:50,19.9N,131.7W,44.0,3.3,20.4,-6.8,19.9,-131.7,537789649.4322672,0.7870890100838994,0.06290943140413668,2.4256412141712835,2.0004464094927634,6.022836564875549
1,2023-07-26 03:41:54,18.9N,103.4W,36.1,-9.5,12.2,1.9,18.9,-103.4,149454844.59972855,0.35782694178966895,0.0267344360450556,2.143945326100009,5.1843664872219195,0.4644197793924967
2,2023-07-07 16:15:31,14.5N,126.6W,38.3,2.6,4.1,-25.2,14.5,-126.6,202366765.5426853,0.3808311953599959,0.6974984300779364,1.8361573114624743,1.958104589983872,0.19681196554646796
4,2023-06-21 19:39:13,12.4N,62.8E,40.4,7.3,-2.0,-16.4,12.4,62.8,135515321.2361858,0.37322933796038493,0.38395259162717066,1.573707424994488,0.7882449433712262,0.0015081501277069975
5,2023-05-20 11:22:23,17.8S,141.9E,29.0,25.4,6.9,9.3,-17.8,141.9,283737739.32355595,0.7640314560272813,0.03553974382808495,1.0405473375073304,4.997203502470016,5.528752739398468
6,2023-04-26 13:14:59,47.0N,10.7W,29.6,-15.6,-3.8,-1.8,47.0,-10.7,311664919.87151223,0.5614756987214661,0.12369748701616379,-2.498875292759802,5.513879324365315,1.099119788479908
7,2023-04-15 08:22:01,20.1S,36.0E,41.4,1.6,-14.7,8.8,-20.1,36.0,312516011.8261661,0.5366497563924629,0.2820226261472471,-2.70206794988972,5.7899403095481015,5.9789489165077505
8,2023-04-06 14:47:39,57.4N,109.9E,31.2,8.6,3.6,-20.0,57.4,109.9,231662799.51192668,0.35472055151959664,0.5757772713154923,0.2866608682735516,3.1891657433046365,3.2330591062480685
9,2023-04-01 00:02:03,16.8S,76.0E,61.8,21.4,-40.6,7.1,-16.8,76.0,112282947.13951147,0.8759615774437374,2.475606890113971,0.1961732601861984,0.32987568120520105,5.739913619034116
12,2023-03-03 02:53:54,40.1N,87.4E,32.0,16.1,-19.3,2.6,40.1,87.4,241811912.74151903,0.7083933601874288,0.017033811918668363,-0.30628238629195037,1.3016048899895356,5.81873107497232
13,2023-02-19 06:15:34,7.9N,109.9E,37.0,-1.1,-22.9,1.2,7.9,109.9,263721455.37928757,0.675342083910386,0.10603343042368123,-0.5118879661828489,1.5253952838603793,2.8711950592226607
14,2023-02-14 22:55:25,48.0S,53.3W,32.3,-15.1,3.7,-0.9,-48.0,-53.3,270096903.7411044,0.4979841634117349,0.03233214942165687,2.551134339826204,0.7640328565591199,4.899179857894566
17,2023-01-17 06:56:59,33.1N,173.7W,38.0,7.8,-5.6,-10.5,33.1,-173.7,319680938.5238785,0.566911646680384,0.1216311972283651,-0.4212030285932678,2.0564745694023756,5.656439680766088
18,2023-01-11 23:59:50,31.5N,18.6E,33.5,-16.1,4.5,-5.2,31.5,18.6,325513916.4853233,0.614570918196237,0.05996868566843549,1.959497279399986,0.8878705925738588,0.47521186861738496
19,2023-01-09 01:17:14,45.7S,135.0E,27.0,2.3,-0.4,16.5,-45.7,135.0,167156933.8368173,0.2105245367177481,0.36403644974908145,1.891069783084729,5.217955634798753,3.6803887945792173
21,2022-12-29 06:52:09,42.3N,92.9E,32.3,0.2,-12.3,-10.9,42.3,92.9,224315191.08443075,0.36713222782627725,0.3167909616397794,-1.440163591671042,2.5971546511589807,0.555510718537608
22,2022-12-13 17:26:01,32.75N,2.1W,20.0,-5.7,14.0,11.0,32.75,-2.1,213681456.6606808,0.5031879084556515,0.16373816158824822,1.425201896408474,4.877324838936659,2.6048630316509147
24,2022-11-20 13:53:54,15.0N,109.7W,26.0,9.0,12.3,15.4,15.0,-109.7,127733075.96743248,0.20342221245483547,0.641406671434084,1.0068631984287515,3.568576037562175,4.938336710672224
29,2022-09-14 23:31:15,40.8N,63.4E,35.8,-13.9,-4.3,9.5,40.8,63.4,272595419.16947424,0.524483371527115,0.23964177086799432,-0.13895926923971588,0.9212804738811151,2.2923809794644256
34,2022-07-27 04:41:30,44.8S,2.9W,38.1,-6.1,17.7,6.5,-44.8,-2.9,267425993.37988102,0.6064633984181185,0.05614571621668331,2.1663987991853615,4.52639364275306,0.8769470989125496
35,2022-07-25 07:28:17,40.5S,76.6E,33.6,-2.1,-2.2,14.9,-40.5,76.6,183184953.70788464,0.1933135880216775,0.31785884544247817,-1.0090643943276225,0.616642632797392,5.907055048525632
37,2022-07-20 10:56:53,43.0S,59.6W,32.2,-0.9,15.6,-3.6,-43.0,-59.6,94087024.2038448,0.597016400880652,0.18493284287626804,2.0500781237708385,6.205455340635965,1.0345838804826197
38,2022-07-08 01:36:37,21.3N,130.1E,22.0,17.9,-4.1,-8.3,21.3,130.1,305921001.18771875,0.6350790043557005,0.03357140200832926,1.8497451410179995,1.8909922878586212,2.30618091550571
41,2022-06-26 20:16:26,69.7S,164.7E,19.0,0.2,-18.3,8.2,-69.7,164.7,119979974.84273472,0.6108457395492412,0.013385856402918521,1.6540038470017444,5.676366252325023,4.542804983635
43,2022-06-07 22:53:17,40.8N,127.1W,41.1,23.1,2.0,-9.2,40.8,-127.1,195675208.04633912,0.6966580577728049,0.01692742606251789,-1.7956187017661138,4.199802347955318,1.9844432720142606
45,2022-04-21 22:15:28,55.5S,68.9W,28.4,-4.2,11.6,3.2,-55.5,-68.9,263082878.22537893,0.43807297574001636,0.03492346220646582,-2.5563476683631348,6.106119756394981,5.71557200207652
46,2022-04-12 21:59:12,8.2S,57.8E,23.8,-19.3,-6.3,3.6,-8.2,57.8,406735072.49317634,0.7302598220038772,0.08558466228385156,-2.430736245034388,0.7602999001719564,1.2489633249886865
47,2022-04-04 00:30:39,3.2S,64.3W,31.5,-17.6,5.3,-7.2,-3.2,-64.3,338070232.8686726,0.6318384321757166,0.1982415034420596,0.28585618784983324,4.062525017947504,3.2161667314379887
49,2022-03-28 10:20:24,7.7S,74.3E,29.0,-16.6,-10.4,0.1,-7.7,74.3,218701999.24087057,0.5701979532489778,0.025101848979089125,-3.009068776132718,4.695788659575026,2.259525881601977
50,2022-03-24 03:43:42,1.9N,20.6W,56.7,-12.4,11.4,6.9,1.9,-20.6,145624596.7141875,0.4354846903201855,0.17618199923005878,-3.088141086785715,2.075013485547851,3.235519253983039
51,2022-03-11 21:22:46,70.0N,9.1W,33.3,-11.5,-5.3,-11.7,70.0,-9.1,332056253.0161273,0.5944266688107558,0.16808984224651122,-0.12300813522610404,3.8355051053463267,5.581198355207412
55,2022-02-17 03:53:24,5.4N,56.4E,32.4,-4.4,-19.6,-7.7,5.4,56.4,127149305.7104827,0.4041340610126884,0.5329556966812972,-0.5609146938977811,0.7893289644750823,1.1405551502955387
56,2022-02-07 20:06:26,28.7S,11.4E,26.5,-8.9,-7.3,-6.3,-28.7,11.4,177965550.5114441,0.2327290421175177,0.10140591057772994,-0.7137133928400391,3.998455238333934,0.5804628350435443
57,2022-02-03 19:50:40,13.3S,142.2E,36.0,17.6,9.7,-10.8,-13.3,142.2,176057828.68682665,0.3822002284656676,0.5401018908449963,-0.7914321352705218,1.6392367376498864,2.7889643316223776
60,2022-01-11 03:33:13,58.4S,160.2W,40.8,-2.5,5.3,22.0,-58.4,-160.2,201503946.14393485,0.2792692193257438,0.6144260772235726,1.9323963811227785,5.993458464365011,5.874212633328563
62,2021-12-29 03:15:35,69.7S,115.0E,44.0,7.4,-8.6,18.8,-69.7,115.0,229769837.40012386,0.5452679696588204,0.34987963602297384,1.700491219919614,4.882600452186386,3.264482272748465
64,2021-12-20 23:15:55,62.7N,60.3E,56.0,10.3,-7.1,-13.2,62.7,60.3,122047516.79754138,0.25323917447247046,0.4700796608453404,-1.5870683817151945,0.43002167278623915,2.101904064380051
66,2021-11-28 18:06:50,32.6N,113.5E,38.4,0.2,-2.2,-19.6,32.6,113.5,182812585.83394718,0.28274691676301206,0.4800611009716441,-1.97982130163291,4.190152642366297,2.604663955676605
67,2021-11-17 15:53:21,6.8S,119.1E,35.0,7.0,-18.3,-12.0,-6.8,119.1,341570220.10226256,0.7162993620227917,0.18208984309110404,-2.1362251801628354,4.4710175979467275,1.661868325814762
70,2021-10-21 10:32:02,51.5N,51.4E,30.0,-14.1,-7.0,-1.9,51.5,51.4,175964292.60323483,0.36799560848816626,0.06837369229273897,-2.6547716024381263,1.6155771222967505,0.3063883915506853
72,2021-10-20 00:43:57,59.0N,154.3E,31.4,12.9,4.2,-23.9,59.0,154.3,344875290.571637,0.5843587598960124,0.7113598150866408,-2.673711734340624,2.7209998233079986,3.23772811705516
73,2021-09-29 10:50:59,53.9N,148.0W,28.0,-3.5,-9.0,-18.9,53.9,-148.0,256610072.63721117,0.4349847816117574,0.5154803657140873,-3.031306298952377,2.676292801888154,1.927856788463174
74,2021-09-06 17:55:42,2.1S,111.8W,26.0,-4.4,6.9,10.9,-2.1,-111.8,271117428.96249515,0.4383370075176286,0.13209838096531074,-0.27450649061045307,6.266592817668073,1.4334416838268798
76,2021-07-29 13:19:57,42.4N,98.4E,26.4,-1.6,-11.9,-8.4,42.4,98.4,318092169.8722084,0.5260702755774058,0.19436851224584692,2.214398663093198,3.0676266449989917,3.487989894381166
78,2021-07-05 03:46:24,44.3N,164.2W,43.4,0.7,15.7,-0.5,44.3,-164.2,256928181.05550376,0.4754922334113243,0.07322440685296445,1.8109077352144092,3.991056025078401,4.650095797162571
83,2021-04-13 02:16:47,26.8N,79.1W,44.4,-2.8,12.6,5.6,26.8,-79.1,209369601.37231356,0.3094424641850731,0.17403907995469678,-2.7379656646054955,0.6445049468120994,4.945103223677561
84,2021-04-02 15:52:58,71.2N,106.7E,40.0,-8.9,6.3,-9.0,71.2,106.7,223023711.8758494,0.3980170347311429,0.041847752488956294,0.23964246699533054,2.202843663968345,5.2958336388955045
85,2021-03-06 08:43:06,48.6S,90.4E,31.1,12.7,-4.7,12.0,-48.6,90.4,355107803.66396314,0.6153285333153453,0.3412410961515115,2.901614619700337,0.18782579344845907,0.26320742295550925
86,2021-03-05 13:50:01,81.1S,141.1E,32.5,10.1,-8.4,19.2,-81.1,141.1,186745200.9003388,0.34702598694350456,0.5872284159493871,2.8796247300607476,1.2500967650355488,0.0364620389989625
88,2021-02-09 23:27:29,75.8N,92.8W,31.0,-5.2,6.3,-10.3,75.8,-92.8,239545600.0581255,0.39866515305184985,0.06817330450690991,-0.655745375179791,3.4975125775502853,0.8673401625943304
89,2021-02-02 10:03:21,48.7N,80.1E,20.0,4.0,-6.7,-10.1,48.7,80.1,230941182.71317554,0.36921877334811387,0.08543194311699738,-0.8018691123510424,3.331130036626729,5.948320749634739
90,2021-01-31 02:59:39,5.3N,115.2E,39.4,14.0,-5.8,1.7,5.3,115.2,260155617.16508093,0.4886303832359626,0.0022908377179438524,2.264468050622782,5.507278845818508,3.595269873158039
94,2020-12-29 20:32:22,14.9N,158.2W,33.0,-3.0,10.2,-9.7,14.9,-158.2,340377282.4371523,0.570978244142476,0.12871512350937897,-1.4064964041646333,3.187074338129174,2.1087912001381426
95,2020-12-28 17:27:53,36.8N,54.7W,28.3,1.5,3.5,-14.7,36.8,-54.7,146521976.7490985,0.10654642679852913,0.3325121596986309,-1.4403575798392483,4.872418228365275,1.6035641678375816
96,2020-12-22 23:23:33,31.9N,96.2E,35.5,-2.6,5.9,-12.1,31.9,96.2,315362875.5388413,0.5304112833708061,0.10240724623308867,-1.5462545436646364,3.359702965329104,1.9047555256588602
97,2020-11-28 16:34:11,33.3N,135.1E,28.1,1.8,-16.5,-10.4,33.3,135.1,334997735.4166553,0.6613068171892431,0.10661524183326954,-1.9416568874779354,4.22910447032321,2.995884472423448
99,2020-11-07 21:27:04,59.8N,16.8E,22.3,-10.8,1.2,-12.7,59.8,16.8,262221656.0983598,0.4885762669970982,0.24793883270490816,-2.3446230093542146,3.927007380481077,6.132985053055435
100,2020-10-26 15:09:10,5.9S,160.4E,28.5,10.9,-13.8,-0.1,-5.9,160.4,243173068.39132178,0.5377047350348743,0.06619326918914989,0.5866961034557547,1.2450683456301963,3.931787286269138
102,2020-10-22 17:39:33,22.0N,133.5W,40.0,-9.4,14.1,-4.9,22.0,-133.5,398836127.22785634,0.6568355573409353,0.2013948697803487,-2.6212215683225426,2.584337166781159,4.570938222718871
106,2020-10-18 10:52:43,11.4S,135.8W,36.0,15.6,1.5,4.9,-11.4,-135.8,316256797.1487154,0.5840268776357932,0.11662097259560733,0.45797077134662445,0.8265228553663739,1.4391387261311106
107,2020-09-18 08:05:27,2.4N,169.7W,46.0,10.2,2.9,-4.9,2.4,-169.7,159379636.473205,0.0996139572356502,0.08744425237694824,3.0767533756362067,4.134747051149761,5.375481690881549
108,2020-08-30 16:08:22,26.0N,133.5E,27.8,7.8,-21.7,3.7,26.0,133.5,532281565.92511964,0.8838223606571296,0.07577316214167201,-1.93284683748744,2.979913907653522,3.4119069175833787
109,2020-08-02 16:36:25,35.1S,34.2W,38.0,0.5,6.0,9.3,-35.1,-34.2,141045332.97664553,0.07402337613719645,0.04836916635621944,-0.7944728279912115,2.889994315334551,2.0429470811193315
111,2020-07-20 21:25:09,51.8S,11.2W,31.6,-2.9,-1.0,-13.8,-51.8,-11.2,117542629.39128098,0.366071400789192,0.14244763477460906,2.0690937633995703,0.4348756961594775,3.534272635455547
112,2020-07-12 07:50:32,48.7S,74.0E,29.4,-5.0,-13.0,-11.9,-48.7,74.0,183113412.3088287,0.418139958084321,0.25975860127447575,1.9219197693901227,1.5589505486953588,2.1425544920123762
113,2020-05-27 17:30:18,40.8N,41.7E,29.3,-6.0,-7.3,-11.5,40.8,41.7,293451782.0610394,0.47965565514957387,0.22142486709334816,1.170198728616617,3.1898643021631896,1.4923775487933106
117,2020-05-09 02:56:11,44.8N,131.0W,31.2,-13.0,-4.0,-5.0,44.8,-131.0,100469027.54841277,0.5008905890667773,0.0518959713820838,0.8421283270213665,6.177443711595049,1.9626952437403666
121,2020-03-26 23:27:56,38.3S,23.5E,26.5,-10.0,3.2,17.8,-38.3,23.5,200017613.9680842,0.33307124821776457,0.49746654915524435,-3.028564597297659,0.9652680414567412,0.7615594935449108
124,2020-03-04 20:25:59,53.3S,90.8E,24.3,-5.2,2.2,19.0,-53.3,90.8,203409365.4906562,0.2771225186858756,0.5082600722347275,2.8693642232081533,6.021805012599139,3.20218830768272
125,2020-02-28 09:30:34,45.7N,15.1E,34.5,-18.2,-11.3,-2.1,45.7,15.1,216032839.55167428,0.5924840940397345,0.13964758287496618,-0.36409515590345665,1.4697971146588795,2.0623831908966643
127,2020-02-10 23:48:17,28.2N,76.7E,41.7,-27.8,-14.3,-5.2,28.2,76.7,220682805.87842146,0.8336956978162715,0.02837489627479631,-0.668410593548252,5.413072372101205,1.4456403775407152
128,2020-01-27 05:39:15,30.4N,1.5E,32.5,-2.0,-16.6,-10.6,30.4,1.5,240779010.39171296,0.47910691874560524,0.3620367230457733,-0.9338034255612168,2.1495874619207864,3.9121935592767807
129,2020-01-24 11:13:31,28.0N,35.8W,32.0,-18.6,-9.0,-4.7,28.0,-35.8,813924335.3170643,0.8257150334384306,0.15365576681735207,-0.3074158910156744,1.6140540667723897,3.069334097034494
130,2020-01-21 20:07:44,33.1N,34.3E,43.3,-7.5,-23.5,-11.9,33.1,34.3,252483864.19772395,0.7395728450939714,0.13394149332410277,-1.0172169138213738,5.010663500316335,0.8161438721502696
132,2020-01-16 09:31:42,71.7S,116.4W,27.8,9.8,-4.5,7.0,-71.7,-116.4,262258239.69259146,0.4475150183407928,0.08941081819058376,2.0217803332977167,0.09509857790620035,2.339423401052384
135,2019-12-21 14:30:52,56.5N,147.6W,35.5,14.9,-8.1,-14.3,56.5,-147.6,216198324.97381505,0.6053408278203143,0.16438833648706275,-1.5883857171655353,4.83313728288055,0.5136202099809779
136,2019-12-11 01:19:11,47.7N,161.7E,37.0,13.7,-10.9,-3.3,47.7,161.7,129965786.54587172,0.4237832182339379,0.23649975083893962,-1.7710375517133075,0.8803613928361171,4.548773514349587
139,2019-11-28 20:30:54,35.7N,31.7W,35.0,-11.6,-2.5,-5.4,35.7,-31.7,190738714.2299251,0.29744501855438055,0.010761988095219836,-1.9713552356411919,3.987861767659593,4.569115420595091
142,2019-11-05 11:24:51,10.4S,143.3W,38.0,5.2,12.3,23.9,-10.4,-143.3,309161265.37529826,0.5230783511288285,0.7354614365680411,0.7443565734497382,6.205530335433576,2.833516192269782
144,2019-10-10 16:16:36,44.3N,122.9E,47.3,1.5,-12.9,-5.4,44.3,122.9,200608797.4299662,0.35773317010446903,0.08289254459269473,-2.8469467774910826,4.1984334687729055,3.998409435872713
145,2019-09-28 10:40:20,12.5S,107.2W,52.0,-10.1,11.2,13.7,-12.5,-107.2,147698413.9112337,0.2098925353497373,0.5288646681242011,0.08425145836243211,4.411936055922071,1.7731436989673455
147,2019-09-14 12:39:34,38.6S,33.5W,38.0,-12.9,8.1,4.6,-38.6,-33.5,143429229.84069872,0.33596564450798877,0.1686701332150105,-0.1540532649470734,4.234319067885319,4.149975580354779
148,2019-09-13 02:02:04,18.6S,126.9E,27.4,5.2,-8.1,9.5,-18.6,126.9,160876088.72852546,0.1263979525113928,0.22409026555486083,-0.1775167606810389,5.170924439102697,2.763506384734823
149,2019-09-12 12:49:48,54.5N,9.2E,42.0,-18.1,-0.4,3.7,54.5,9.2,354854123.5305789,0.6422071630723556,0.12014210782617223,-0.14804205527655284,5.326740293959905,1.5102569705615405
150,2019-09-12 02:34:58,24.9N,47.8W,30.6,-11.7,11.7,4.6,24.9,-47.8,244337172.07952663,0.5148391106136867,0.09130422942710295,-0.19010109111284576,1.1722641657533543,4.343928630374893
151,2019-08-24 12:02:59,21.9N,130.4W,39.8,11.1,-5.2,5.4,21.9,-130.4,298814147.456188,0.5072128423172266,0.03506905611872346,-0.5094192592006928,0.4156073295540885,0.21166517247478733
153,2019-08-16 20:36:05,38.9N,7.0E,36.0,-3.9,4.0,-13.8,38.9,7.0,170167595.20365396,0.17077143690014765,0.29931861287332484,2.5048535052397005,2.1878018412521545,2.6285949202151198
154,2019-07-23 20:42:58,44.6N,147.6W,30.6,1.5,15.1,-5.5,44.6,-147.6,364648569.608534,0.6292453983345057,0.03365908493522512,2.119488159221662,2.4798715539311367,4.0177825583302695
155,2019-06-30 16:52:58,21.2N,129.5W,59.0,25.2,31.2,-13.3,21.2,-129.5,114988136.7828698,0.9904236730522716,2.7283123136296554,1.7104768337011718,0.09966388016954486,5.845322795971725
159,2019-05-26 10:07:55,56.6N,25.3W,24.4,3.8,-5.8,16.1,56.6,-25.3,304375942.19001573,0.5770900910576359,0.11613742226283437,1.1350146347446062,4.054153696858457,4.984788546727381
160,2019-05-25 06:44:04,19.2S,89.4E,29.2,0.2,-15.7,2.1,-19.2,89.4,192069449.39175332,0.3762958570449374,0.17114644764779782,-2.031269595347148,4.972677157509815,3.3104901711561543
162,2019-05-21 13:21:35,38.8S,137.5E,31.5,4.4,-8.5,6.4,-38.8,137.5,176133133.6199583,0.15192507378198333,0.04369319781330547,-2.0847206999473338,0.4204160538501336,4.502691398572802
163,2019-05-19 14:47:03,23.6S,132.8E,33.3,7.3,-12.2,5.3,-23.6,132.8,225675603.9540727,0.41829021877176403,0.028826776061108467,-2.1277992348395802,1.0022213374626796,2.7439902775990745
166,2019-04-22 21:42:11,48.8S,67.8E,33.3,3.4,-4.2,10.0,-48.8,67.8,141163914.89329442,0.07053811465056785,0.032381242185387286,-2.505874912335593,3.450571222560474,5.136152805283895
167,2019-04-14 17:54:33,18.3N,74.6W,30.6,-2.5,5.9,-14.6,18.3,-74.6,280854942.4659601,0.4836101601656603,0.26290972956225866,0.4274497868012017,2.704093937077497,3.2043374276760157
168,2019-04-06 11:59:09,56.5N,94.9E,41.5,6.2,11.1,-12.9,56.5,94.9,124857505.43422931,0.22981096963022762,0.47460044741345836,0.2809651927948035,5.832123656829911,1.0692585316623715
171,2019-03-19 02:06:39,24.0S,140.3E,28.7,10.2,0.4,12.6,-24.0,140.3,182213948.39573994,0.24734121361490727,0.32772518248816274,3.1074749438153635,5.335516165114303,1.6572212141015399
172,2019-03-15 12:26:56,63.7N,95.7E,31.5,5.4,-13.2,1.7,63.7,95.7,260906867.21762237,0.4350977585607253,0.18012868015020708,3.1198068583873217,0.1773113923019638,5.369567987552119
173,2019-02-18 10:00:43,15.5S,25.3E,26.0,-16.6,-12.6,0.6,-15.5,25.3,305953326.7826597,0.6530867147818293,0.0860570282211457,-0.5266397143571844,1.8299462664216417,1.0660301796536356
174,2019-02-01 18:17:10,22.5N,83.8W,23.7,-2.4,13.6,8.7,22.5,-83.8,177345691.7190439,0.3738578801688229,0.16985369979089274,2.3095469607481074,4.854121544399509,5.543678538676568
176,2019-01-22 09:18:01,18.0N,6.5E,42.5,-8.6,-5.9,5.0,18.0,6.5,150736155.94256675,0.07087414357958952,0.04519747866118336,2.1726567910710815,5.021171026365442,1.1590161824727199
177,2018-12-23 23:38:03,47.5S,174.4W,31.8,9.9,7.6,10.8,-47.5,-174.4,304743603.6731195,0.5628805247629571,0.11462228659202751,1.6124900486651221,5.5219125851375415,6.056476394357303
178,2018-12-18 23:48:20,56.9N,172.4E,26.0,6.3,-3.0,-31.2,56.9,172.4,590499488.5966438,0.7490563909971131,0.8452124924947197,-1.6091436119119964,3.542905132576397,1.3013493961701519
179,2018-11-20 17:30:28,25.3N,6.7W,27.4,-10.1,13.9,3.0,25.3,-6.7,341617361.93588567,0.6261495222348095,0.05221226411299898,-1.9316324640272684,2.039533449340002,1.1090504794864078
185,2018-10-05 00:27:04,39.8S,31.7W,31.5,-13.2,-6.5,-0.4,-39.8,-31.7,111125172.49473868,0.4351789276167953,0.04605516352507982,0.20153265229735073,2.718326605810903,1.1033356276750457
186,2018-09-25 14:10:33,23.5S,56.8E,33.0,-16.2,2.8,0.6,-23.5,56.8,224461062.77204204,0.46497748494665436,0.059994970333616345,-3.095557950373827,1.9497577033137947,0.9512266269940941
187,2018-09-25 00:16:59,34.3S,44.9E,40.7,-11.0,2.5,-5.5,-34.3,44.9,168914254.30329302,0.16708771316092072,0.1683958545245988,-3.111109251000161,4.140636236566678,3.881423743366707
191,2018-08-27 04:36:45,1.7S,141.4E,33.0,9.8,-9.6,-8.4,-1.7,141.4,191828842.9133105,0.35478183445519973,0.19911503193889413,2.684326586526238,1.8891508738480614,1.8874734075823874
194,2018-07-25 21:55:26,76.9N,69.0W,43.3,20.4,12.9,-3.8,76.9,-69.0,344558512.724994,0.7322515432094179,0.19714561667707045,-0.9829886213593025,4.783504560846509,0.19568625537982065
196,2018-06-26 17:51:53,32.0N,12.1E,63.0,-10.0,-1.0,-9.9,32.0,12.1,278486127.08218956,0.45675585825604587,0.17004398031633017,1.6642505549132949,2.876466436441511,1.9832045164734673
197,2018-06-21 01:16:20,52.8N,38.1E,27.2,-8.9,-4.3,-10.5,52.8,38.1,127379945.99969807,0.2094104595242277,0.30536050078389443,1.562584359698788,6.00063382932106,4.882921305848992
198,2018-06-02 16:44:12,21.2S,23.3E,28.7,0.9,-16.4,3.9,-21.2,23.3,197938676.28825402,0.4113450824017702,0.0770144868116856,1.2544344417354147,4.508917244721647,0.5428550375546948
201,2018-05-03 07:23:59,46.9N,7.5W,39.0,1.3,-2.1,-11.2,46.9,-7.5,175922292.06750202,0.1471442572196797,0.03444340235331983,0.7682285266502782,2.9140538389605304,5.628679567140652
202,2018-04-30 13:17:57,45.5S,1.4W,34.0,8.7,-9.5,2.5,-45.5,-1.4,168881934.51532784,0.1719999453232593,0.14647896150425851,0.6997033770616129,4.137754472960193,5.095799355164778
203,2018-04-21 12:06:04,59.0S,45.8E,28.2,7.1,-4.6,11.9,-59.0,45.8,166739242.7048559,0.2365764636915161,0.1863847413324141,-2.596961911006844,1.3844255610914171,4.280576000507761
204,2018-04-19 14:02:27,7.5N,3.6E,30.0,-9.1,-2.5,18.6,7.5,3.6,192943345.22111303,0.21897620209882937,0.559804678980686,-2.6299218786372185,6.058531160406221,4.846902589311738
205,2018-04-19 13:39:38,22.2S,72.6E,31.5,-5.9,-9.1,1.4,-22.2,72.6,145761192.99473193,0.03620530036285917,0.0074574660640365,-0.23392164496350762,3.168769023641301,3.0102668829618064
207,2018-02-21 01:28:03,13.5S,37.1W,31.5,-0.9,13.1,-0.4,-13.5,-37.1,338588555.98183066,0.5711272477500631,0.020982464876938597,-1.3766463641776707,3.595187258095689,1.946478085086314
213,2018-01-15 02:18:38,52.0S,57.2E,43.6,18.6,-12.1,8.4,-52.0,57.2,352508148.3928783,0.7269453099436396,0.04260113390451796,-1.0948411676661072,1.6716102597740692,2.0402217288088202
214,2018-01-06 21:24:22,55.8N,52.5E,26.0,0.8,2.2,-20.9,55.8,52.5,380449296.2148446,0.6027626755592088,0.4593647377337736,-1.2853917097004683,3.4202520972031505,5.485565302753908
219,2017-12-15 13:14:37,60.2N,170.0E,20.0,27.8,-4.7,-13.9,60.2,170.0,466018544.4999522,0.8655164870489729,0.07097197643610262,-0.2604308635928107,3.61469212268894,3.539974836356662
220,2017-11-19 04:17:32,24.2S,135.0E,33.3,6.7,-3.4,8.6,-24.2,135.0,161218909.50493082,0.0978568974836322,0.04475477633297357,1.0338869846875012,6.002599858902835,2.6074857119861186
222,2017-10-23 15:31:23,28.8N,44.6E,35.4,-5.7,-10.7,-11.5,28.8,44.6,277600811.9813809,0.49223122429681826,0.28298385557586553,-2.6101584289353807,3.670703780982128,1.2004799290964883
223,2017-10-15 04:33:16,65.2S,128.2E,24.1,9.5,-8.3,9.7,-65.2,128.2,338249024.7380125,0.5876889423610197,0.07283698097201106,0.41187521356903495,5.6055847780993,0.8129280947434001
226,2017-09-05 05:11:27,49.3N,116.9W,36.0,12.7,-6.1,-4.2,49.3,-116.9,309185000.48588,0.5406001870929745,0.05788547434750153,2.8560144280971005,2.55347923502762,4.5788589561843125
228,2017-07-23 06:12:38,6.6S,69.7W,38.0,-0.4,8.7,-14.8,-6.6,-69.7,159753488.63973203,0.04851513113075751,0.44434066795714794,2.099640054506983,3.470389569666642,5.3288427874177025
229,2017-07-13 09:30:36,23.1N,60.7E,35.0,-10.0,-6.5,-6.8,23.1,60.7,141051253.41537943,0.2880832683490809,0.0348213830956164,1.9352415606875746,1.0193558801468585,1.6203099142404547
230,2017-06-30 14:26:45,34.3S,134.5E,20.0,10.9,-9.7,4.2,-34.3,134.5,185974899.73744366,0.3570333859209255,0.06317333930916035,1.7301670832890343,4.528557870480108,0.9313892932020646
231,2017-06-23 20:21:55,57.0N,143.7E,35.1,17.7,13.1,-10.3,57.0,143.7,174694436.22642452,0.6632745910758087,0.011201489921323258,-1.531972236162467,4.165095354252958,5.669464182256255
232,2017-06-20 13:41:32,54.2S,133.0E,33.3,8.7,-5.7,8.8,-54.2,133.0,168639832.59605083,0.25847547963528295,0.05881049702802369,-1.580189259495739,1.3831176620406112,0.6688819449141343
233,2017-05-24 07:03:03,9.1S,101.8E,46.0,-6.5,-16.5,-5.0,-9.1,101.8,162710842.9441816,0.49443378312605946,0.004167701787072998,-2.0342847114808595,4.339981789998298,5.224317853400081
236,2017-04-30 21:28:28,25.7S,56.2E,32.4,-13.4,-14.2,8.9,-25.7,56.2,179409618.43915147,0.5677184080793307,0.08144703173053451,-2.4321577720290133,1.9173892318306454,1.9180037313936698
240,2017-02-25 01:22:59,29.5N,13.5E,25.4,-7.6,-9.3,2.2,29.5,13.5,117161998.69034792,0.2584444073310556,0.024675527832053575,2.737320243897399,3.2021953673054497,4.125758684112164
242,2017-02-18 19:48:29,6.2N,60.4E,38.0,-6.6,-22.7,-5.3,6.2,60.4,231023591.35814217,0.6617662805607689,0.05482327258970673,-0.5150706121018651,4.8980514248583855,2.14698094455731
245,2016-12-23 03:29:09,21.3N,49.3E,42.0,-22.4,16.4,-10.5,21.3,49.3,292408690.694494,0.8153185750085833,0.06850725896306457,1.5981988107908407,1.992134680653125,5.595785412447092
248,2016-11-24 14:10:34,15.2S,80.3E,30.6,9.1,-11.2,9.7,-15.2,80.3,266116861.477716,0.4805906193699062,0.29643909892764797,1.096953877012536,0.6389372072184951,1.5362409356896416
250,2016-10-01 20:23:45,36.2N,6.7E,27.8,-10.0,3.9,-9.3,36.2,6.7,232476411.7880957,0.36192758915508805,0.23093523502109348,-2.978188862647561,3.3095031514074726,0.18570377424427775
251,2016-09-22 04:57:49,51.8S,178.5E,40.0,-2.5,-3.3,17.0,-51.8,178.5,214233478.32075256,0.2956363424424037,0.4042101728970957,-0.006967677343543634,6.065007837743882,4.289059834964682
254,2016-08-11 05:59:58,43.7S,53.8E,34.3,-0.7,-11.4,9.6,-43.7,53.8,203299988.86436704,0.2952390060592512,0.22999937492252304,-0.7184412857663316,5.5394347107914825,2.4723572355173946
257,2016-07-05 01:24:26,1.0N,48.6E,38.2,-10.3,-2.0,-22.8,1.0,48.6,191427371.37870803,0.21223447545520222,0.7441353623425658,1.800786793295821,2.9938726610980257,1.0065005935514808
258,2016-06-27 10:02:42,15.8N,11.9W,33.3,-29.1,1.5,0.7,15.8,-11.9,130881105.08688325,0.7520796893590945,0.6112382733169155,-1.4646467694044842,3.740475618589763,5.731997983120715
259,2016-06-05 06:12:55,17.4S,138.3E,28.7,6.0,-11.9,5.7,-17.4,138.3,207093284.24442208,0.32262952165508946,0.21271432239295923,-1.8319711662638871,5.508807254050889,4.999494461713164
262,2016-05-20 11:59:46,32.8S,15.1E,30.6,5.4,-9.9,17.5,-32.8,15.1,456454496.0918685,0.6919833892624354,0.3989186534361154,-1.9740703736054,0.5766391849597117,5.67309748149115
263,2016-05-16 10:09:41,3.2N,6.6E,41.7,-6.7,-3.3,-9.6,3.2,6.6,169476061.7112066,0.14384612676372568,0.11493047341232643,0.9753700873426386,2.3244415312001365,1.275759039946891
266,2016-04-18 11:59:10,20.7N,14.5W,31.5,-3.5,2.2,-16.6,20.7,-14.5,243597819.90915322,0.3968500520767637,0.36055909089406957,0.5059580191341465,2.752119613656159,0.22828709136812275
268,2016-04-10 14:57:53,22.0N,149.0E,35.2,4.7,-12.9,-6.4,22.0,149.0,374510979.4201456,0.6168381892810141,0.07937562551584573,0.37566729746448285,3.618171473867948,2.4367806290251153
269,2016-03-16 23:54:20,49.2S,6.3W,42.0,-7.6,9.1,6.0,-49.2,-6.3,248048293.98113602,0.4102134828474351,0.13429256173947637,3.0881226817675684,0.2658661886998477,3.948005712289184
270,2016-03-03 01:32:43,48.0S,51.0E,31.8,4.8,-7.1,7.9,-48.0,51.0,145990816.22849834,0.0958740643951596,0.01756374203542968,2.861191840529184,4.409654253281211,3.660769011151964
271,2016-02-23 03:59:13,32.3N,67.2E,44.0,-8.5,-1.6,-15.7,32.3,67.2,175448770.11389086,0.2424257938769402,0.4145812252511633,-0.45715727221149566,4.188224528938724,3.1526439466153664
273,2016-02-19 08:15:02,0.7N,11.6W,39.4,-14.9,-0.5,4.1,0.7,-11.6,103522115.76766945,0.5090695905723349,0.04226528814994755,-0.5222477131426392,0.2896958702543406,5.741709760359366
275,2016-02-06 13:55:09,30.4S,25.5W,31.0,2.7,14.5,5.0,-30.4,-25.5,91955661.7273037,0.5956341351386958,0.06763495199889827,-0.7490809698432042,0.04802108742833955,5.619501316619509
276,2016-01-27 09:59:16,45.8S,53.6E,37.0,-10.0,-4.4,3.6,-45.8,53.6,140766290.7064527,0.11944840198303958,0.043808369211401896,-0.92705105002419,1.0949441420928947,5.145027673327176
277,2016-01-21 16:44:54,10.8S,0.7E,42.5,-3.8,-17.7,-1.2,-10.8,0.7,301256506.59432006,0.5760212148521351,0.11589054870874789,2.160626490378461,0.886669933671965,0.25158067144207497
279,2015-12-21 02:32:48,5.9N,143.0E,42.2,6.4,-10.0,2.5,5.9,143.0,129650356.55290237,0.2008496329517179,0.005220623481784156,-1.5923479193256602,0.7223997375074074,1.416570077584045
285,2015-10-13 12:23:08,8.0S,52.5W,38.9,-6.6,3.8,10.4,-8.0,-52.5,183144806.71769318,0.19961790039578856,0.15857250148385219,0.3452214420094768,5.795075830325101,3.8737970357958424
287,2015-10-10 09:57:51,51.0S,21.1W,51.8,-1.3,-5.1,10.6,-51.0,-21.1,193246741.60957313,0.22934866010096744,0.03995099683297488,0.30865428931528444,6.202651411917329,0.049778215265884995
292,2015-09-07 01:41:19,14.5N,98.9E,29.3,16.8,-12.0,-3.8,14.5,98.9,184282671.11924702,0.5504220781262527,0.009571075825806017,2.8604276249307885,1.2755051238652113,5.955184381528161
293,2015-09-02 20:10:30,39.1N,40.2E,39.8,10.3,-12.2,-18.0,39.1,40.2,85181746.46950059,0.7766955121526411,0.7134650181813441,2.7877377730065582,6.258816596840042,2.726176421908095
295,2015-07-19 07:06:26,20.6N,87.6W,22.0,9.4,13.0,7.8,20.6,-87.6,420881877.0849775,0.6671164788292375,0.05774037159193116,-0.9947581143334808,0.7298277708013812,6.066169168677716
297,2015-07-04 01:40:11,38.6N,103.1E,46.3,0.9,-40.4,-27.7,38.6,103.1,167153732.42550546,0.832183958796335,2.0616129287220506,1.7720887945385537,0.6538684563998727,3.2641422081227454
298,2015-06-14 03:03:06,6.3N,124.1E,32.4,-4.7,-17.8,-26.0,6.3,124.1,163259803.55277666,0.5598340588600257,0.9367280387016622,1.4411086402761777,1.0931074249399186,3.5947631250049006
304,2015-05-10 07:45:01,46.3S,179.3W,29.6,11.2,0.9,4.7,-46.3,-179.3,205631609.43188232,0.27418641525511683,0.040977285347031586,-2.27875081112838,0.31271298083314125,0.04868710183003966
305,2015-05-07 20:34:34,21.5S,29.3W,37.0,-16.2,-5.8,1.4,-21.5,-29.3,350723077.0987816,0.6190623888317274,0.04398191582073762,0.9564395852794265,3.742228725886254,4.947688659013283
306,2015-04-30 10:21:01,48.7S,139.1E,26.7,12.2,-4.2,0.9,-48.7,139.1,229053919.1195614,0.3534695999482137,0.034421356506815284,0.695446853259449,3.5876337172479182,0.9631309299074555
307,2015-04-21 01:42:51,37.7N,39.6W,37.4,-15.3,12.8,7.4,37.7,-39.6,310213573.97610146,0.6440873671976541,0.17567756104523552,-2.565732323276155,1.1967135682706802,3.334593815090875
309,2015-04-08 04:06:31,25.5S,51.5E,36.3,8.0,-15.6,-7.9,-25.5,51.5,323771234.1748299,0.6313095992138852,0.1434646552002454,0.3158016684502013,2.0685623452792683,1.8358374709730434
311,2015-03-30 21:33:52,36.1S,5.5W,33.1,-13.7,-1.7,0.8,-36.1,-5.5,225390253.40408003,0.38010391527614174,0.01205177605161771,-2.9814568008572007,0.7161641976485997,0.007559612788111458
315,2015-03-04 04:30:05,15.9S,88.1E,39.8,7.8,-16.0,-2.5,-15.9,88.1,235325851.2087121,0.5148223234038602,0.11241819721486764,-0.29344068143221347,1.9069999706521834,0.23554405607188578
316,2015-02-26 22:06:24,68.0N,149.0W,33.7,5.6,-2.3,-20.2,68.0,-149.0,304351467.5845142,0.5159594690857275,0.5054410918299623,-0.38603260702372677,3.098095475508728,5.496425124221572
320,2015-01-09 10:41:11,2.0N,28.8E,36.0,-10.7,-7.6,11.6,2.0,28.8,211435664.22544187,0.4490794239224103,0.19041558592909694,1.899674504135865,5.013547845870558,5.695766971548032
321,2015-01-07 01:05:59,45.7N,26.9E,45.5,-35.4,1.8,-4.4,45.7,26.9,706675028.9199429,0.9321886542064622,0.3423997082579422,1.9999174018124162,1.8280956928580334,5.980906545063883
323,2014-12-13 02:53:52,86.7N,162.1W,30.7,15.3,-13.3,-7.8,86.7,-162.1,249486012.86684862,0.5552514944644745,0.3626477151498871,-1.726536570091474,1.8971661262013235,0.5412316270862849
324,2014-12-12 06:48:11,33.5N,144.9E,26.3,11.5,-2.8,-2.2,33.5,144.9,190512151.36949685,0.21853834256031704,0.09254267963680009,1.3856974608672399,6.240920277155911,5.050515077404249
326,2014-11-28 11:47:18,45.8S,172.7W,26.1,0.4,-1.4,13.3,-45.8,-172.7,191519969.7343679,0.2526138404134386,0.17780411920871933,1.1509316660574718,5.73111760201198,0.8525095176096977
328,2014-11-26 23:16:51,69.5S,179.7W,23.3,21.3,2.2,13.4,-69.5,-179.7,337412293.3065877,0.7447380570838027,0.11800481101050929,1.1511731509564345,4.715115805744377,4.397488005353509
329,2014-11-26 17:40:16,68.2S,24.0W,37.0,-7.0,16.1,9.4,-68.2,-24.0,449631388.0029269,0.6892828727821291,0.03355459348723547,0.2801631705354658,6.063107381327224,2.3896669709422476
330,2014-11-04 20:13:30,43.1N,115.8E,22.2,-7.2,-12.1,-7.7,43.1,115.8,177125822.61720157,0.40410150077063545,0.055184708937383906,-2.4009014496332135,4.715976112803559,5.800056249449844
339,2014-08-23 06:29:41,61.7S,132.6E,22.2,-2.3,5.7,16.5,-61.7,132.6,200569941.79947767,0.34036825774128204,0.36175314009713205,-0.5213993570113297,0.9858483784158718,1.416998301555913
342,2014-06-28 02:40:07,18.9N,141.2E,26.3,12.0,3.5,-10.5,18.9,141.2,432904863.1378176,0.6552731589652228,0.12888701260040236,-2.5714704566148523,0.6103544810352748,2.0030775003849275
343,2014-06-26 05:54:41,71.5S,93.4E,28.5,7.0,2.9,8.3,-71.5,93.4,147050850.40329936,0.029394656956193276,0.0038363506607447936,0.4668993950831764,2.1604478787898973,0.4292485159310937
345,2014-05-16 20:06:28,39.4S,95.9W,30.8,2.9,13.4,-12.5,-39.4,-95.9,338065815.7684856,0.6184542360886118,0.21370965939211245,1.0165991749798007,2.1741045707373257,2.167316222023265
346,2014-05-16 12:42:48,44.2S,176.2W,44.0,14.4,4.6,6.5,-44.2,-176.2,123383123.5617473,0.4471546866887871,0.02817324475991362,0.9647512906015401,5.6082039326997855,3.8461748864380754
347,2014-05-08 19:42:37,36.9S,87.3E,35.4,-2.0,-16.1,9.9,-36.9,87.3,140284312.9473338,0.49641922763898516,0.1022051866499293,-2.3061728750244934,2.226613522183335,3.200922655790705
348,2014-03-29 13:45:41,28.7S,121.5E,30.7,10.0,-12.7,2.2,-28.7,121.5,282337997.92565453,0.5353961449091591,0.0690651144839249,-2.98136410051794,0.8051843599291058,0.8086035633649011
356,2013-12-23 08:30:57,39.5N,2.0E,34.3,-1.1,11.4,-9.9,39.5,2.0,126103769.6567069,0.3748225552757698,0.08622255788284106,-1.5465106240355555,5.454087420014058,1.5091061121596177
357,2013-12-08 03:10:09,32.8N,165.1W,23.5,2.3,2.5,-11.3,32.8,-165.1,147363718.43660614,0.07824533141591976,0.09872303384084131,-1.8005746193731036,4.826829605255998,4.6822779432277075
358,2013-11-21 01:50:35,44.7N,35.3E,59.3,-5.0,-11.0,-2.7,44.7,35.3,114957088.85714324,0.2836746077933433,0.03175864262408575,1.029299858900995,3.2373616371510323,4.506369049767418
359,2013-10-12 16:06:45,19.1S,25.0W,22.2,-8.0,8.4,-5.5,-19.1,-25.0,142238297.68180338,0.14745520484850955,0.16409534786207916,-2.7991381006982743,1.0893850600117823,1.1636753840861536
365,2013-07-30 02:36:58,50.2S,90.2E,25.6,15.9,-8.6,5.1,-50.2,90.2,354758975.79459333,0.6340651643112671,0.1657028430559992,-0.8807546827248115,5.335795932115753,1.0928310337594356
366,2013-07-27 08:30:36,0.3N,156.2E,26.5,16.0,14.9,-3.3,0.3,156.2,239986344.56763095,0.572792756262224,0.2986939296588481,2.170876499593989,4.6175019152825225,0.7470089340145947
372,2013-04-30 08:40:38,35.5N,30.7W,21.2,1.0,9.0,-8.0,35.5,-30.7,157605054.1254439,0.11077983079815712,0.12620820496049645,0.6986025660200512,4.357774468479165,6.020193041496219
373,2013-04-21 06:23:12,28.1S,64.6W,40.7,5.0,14.0,1.0,-28.1,-64.6,256031579.5356399,0.475071201566913,0.022066225113285706,0.5447749382397715,3.9366625005911366,2.2800767993192235
376,2013-02-15 03:20:33,54.8N,61.1E,23.3,12.8,-13.3,-2.4,54.8,61.1,257359851.55752233,0.5582507127084861,0.07104311599204338,-0.5785977269304661,1.9068668369842445,2.009645574321942
382,2012-11-20 20:37:31,2.5N,29.6E,33.3,-12.2,-5.3,5.3,2.5,29.6,267377257.6401729,0.4664508773222838,0.1509524329473317,1.0319042450175566,0.4975423766411726,4.109925265321307
385,2012-10-19 16:26:22,75.4S,49.6E,29.3,-2.3,-3.9,12.4,-75.4,49.6,227029673.4062699,0.35251251863868116,0.16143025102586264,0.4633430041643595,0.10543771947118952,3.8886922839747737
388,2012-10-02 16:38:38,8.1S,111.9W,35.0,1.4,15.3,1.0,-8.1,-111.9,132080534.20621054,0.35742843216090964,0.0531551152923908,0.17483500493755952,4.0178251047834905,2.180733484449746
390,2012-09-18 19:34:39,1.2N,52.2W,28.1,-1.9,14.1,-11.5,1.2,-52.2,203242668.88239527,0.38777907483721447,0.342978738234687,3.0747627925277405,2.001280028668649,1.94837408157197
392,2012-09-10 01:03:32,69.8S,111.7W,23.8,-10.2,-5.2,12.4,-69.8,-111.7,138476710.24179158,0.27753419540623486,0.3533294342394595,-0.22185058683998093,2.1084396274847776,1.1553345076086226
393,2012-08-27 06:57:43,18.3S,64.2E,38.7,-8.0,-23.7,-14.5,-18.3,64.2,250024868.1933278,0.7478932255623023,0.3505210844902346,2.698418290287596,1.2009981401012695,3.4465587441043155
394,2012-08-26 14:55:47,11.8N,117.0E,36.0,5.0,-11.6,-0.7,11.8,117.0,186953155.23943192,0.2523922119186699,0.05969353780981823,2.683313659407102,4.074579778527244,4.41238782677687
397,2012-07-25 07:48:20,36.4N,41.5E,26.8,0.8,2.0,-18.4,36.4,41.5,155466652.7338897,0.05017730867317617,0.5038809115559972,2.139720012381532,2.222181569118698,5.49078392743221
401,2012-05-15 11:04:17,61.8S,135.5W,33.3,-0.8,1.1,17.0,-61.8,-135.5,143858565.94551733,0.10666335561789314,0.43093616287089564,-2.184395546118752,2.163021693064108,2.642673935004826
407,2012-03-12 06:40:44,2.5N,139.8E,25.0,0.1,-11.8,0.3,2.5,139.8,141033573.93795952,0.17622976707993396,0.018561510119146613,-0.14390227068579306,1.1317241576192263,0.9062452661030562
414,2012-02-04 14:42:51,32.4N,0.1E,34.2,-3.9,10.9,4.0,32.4,0.1,115386638.10024053,0.3095348819928918,0.05962565641655161,2.364929281632482,3.4056380380961047,1.4283470431055711
415,2012-01-15 12:26:20,64.1S,109.9E,26.3,-1.9,5.1,11.0,-64.1,109.9,121997088.88443916,0.2370584726986294,0.06869388601049227,2.005343027041035,3.486869294723898,3.6605412328171703
422,2011-09-13 23:36:47,19.9S,13.8W,21.3,-3.7,1.8,16.2,-19.9,-13.8,359610639.5948866,0.5770326945174528,0.2954413482622565,-0.14618761511407408,0.11286835051897626,1.0832536908786912
433,2011-05-25 05:40:02,4.1N,14.0E,59.0,-3.4,-10.8,2.4,4.1,14.0,151215702.88265583,0.03357736994807983,0.026979017122348542,-1.9127996641657719,4.786828021473764,1.6465338208260354
439,2011-04-06 08:30:55,71.1N,43.5W,22.2,3.3,11.8,-3.5,71.1,-43.5,143146650.066864,0.20621887689398574,0.013870793990733241,0.30154892662357263,5.186579050321916,1.3032738329891327
443,2011-03-01 10:37:54,53.5N,103.9E,30.6,-6.7,-1.1,-9.8,53.5,103.9,143643087.40362707,0.11113188057603027,0.12619764102755357,-0.3356407487388688,1.21715919803398,2.35549692936028
444,2011-02-21 05:07:03,26.3N,43.7E,44.4,10.3,-14.8,0.1,26.3,43.7,438645795.88550043,0.7346753656940813,0.10903586548351232,-1.5562855318246291,3.3696991664964364,6.207518712187868
448,2010-12-25 23:24:00,38.0N,158.0E,26.0,18.0,-2.0,-4.0,38.0,158.0,147118504.40518737,0.3910418393304179,0.2880987027530496,-1.4982892441782998,1.20666118496389,5.066788761492361
463,2010-09-03 12:04:58,61.0S,146.7E,33.3,9.8,-3.5,6.5,-61.0,146.7,175044849.7041016,0.21316098112349885,0.01521801432193944,-0.3318066561738633,1.014415790054704,4.0475640987155925
468,2010-07-06 23:54:43,34.1S,174.5W,26.0,12.1,10.0,0.2,-34.1,-174.5,373166512.378773,0.6522659561760389,0.02866636137255714,-1.0720825918235775,5.453781987176965,2.7723620342839297
473,2010-04-16 04:38:52,1.8N,176.9W,22.2,12.4,-13.2,-5.2,1.8,-176.9,376795675.38367194,0.663808636966417,0.007956963790969952,0.44586318339203074,2.084510996091481,5.39093637984632
479,2010-03-08 22:02:07,32.0N,92.9W,52.0,19.1,11.0,10.7,32.0,-92.9,183175014.9260661,0.6447433453416279,0.3013815291665594,2.9385786770013875,4.255561050665413,1.8705092370989824
480,2010-02-28 22:24:50,48.7N,21.0E,37.0,-11.7,2.7,-9.1,48.7,21.0,424431169.7398912,0.6524765561371267,0.12581955211683377,0.02922402459427363,2.9868470296388097,0.011921419727805471
483,2010-01-15 19:17:54,8.3S,27.0E,25.0,-9.1,6.0,8.8,-8.3,27.0,256741911.78983298,0.4536400141728406,0.13362185653498476,2.026728540595227,5.701034325675335,4.872650200410827
487,2009-11-21 20:53:00,22.0S,29.2E,38.0,3.0,-17.0,27.0,-22.0,29.2,284601343.1207442,0.4846536058589537,0.9087406464890226,1.0402925860259788,6.187764496753477,2.3349755070323166
494,2009-10-08 02:57:00,4.2S,120.6E,19.1,14.0,-16.0,-6.0,-4.2,120.6,176292749.27561247,0.5459671877172836,0.24787154302177286,-2.8840712747126185,1.2529587547574312,2.497655211532141
497,2009-09-04 02:23:18,42.5N,110.0E,28.3,19.2,-11.6,-8.5,42.5,110.0,296042493.52261156,0.690482379499722,0.16248249670864492,2.829658567028919,1.6130713092810272,0.8382999335099308
498,2009-08-23 21:17:19,67.7S,18.3E,34.0,-6.9,5.3,8.5,-67.7,18.3,235441152.63884524,0.35488831848777946,0.021432020614530443,-0.4794806351673471,0.05453285032592259,2.3727771461982208
502,2009-06-27 13:08:05,26.6S,12.6W,26.1,-11.6,1.6,9.7,-26.6,-12.6,187877064.09103742,0.23728411885355707,0.29557182232208423,-1.4673169112697921,5.536281306908474,2.2934362273744107
515,2009-02-07 19:51:32,56.6N,69.8E,40.0,-2.4,-1.9,-15.1,56.6,69.8,259929530.04887763,0.44385234997375617,0.2529086496694738,-0.7110218962973487,3.4638812973055395,4.325171836139813
518,2008-12-24 15:51:58,68.9S,102.0W,21.1,-13.4,18.0,8.8,-68.9,-102.0,420132511.6465023,0.7704530511439016,0.057679410571160626,-1.437575437651742,1.699817690653811,1.7106146562838038
521,2008-11-24 22:01:19,57.9S,146.1E,34.8,21.5,10.0,0.4,-57.9,146.1,239106641.3456472,0.6220074652123448,0.28700717703870193,-2.032703899493727,1.5601347484471155,0.6828749325562651
522,2008-11-21 00:26:44,53.1N,109.9W,28.2,3.9,-4.1,-11.6,53.1,-109.9,118408827.42611523,0.2617349747281421,0.18024045550979317,-2.1103353413774184,0.06324353829823881,1.2056012293019895
523,2008-11-18 09:41:51,29.4S,75.9E,35.2,-4.0,-15.2,-16.0,-29.4,75.9,465249386.3952653,0.7006474188198506,0.5764915213240549,0.7897193915607391,6.22778241703701,4.825897829741626
525,2008-10-21 02:20:25,32.8N,165.6W,29.6,9.6,5.8,1.5,32.8,-165.6,156023754.6448458,0.043679985585655154,0.015351944541050249,0.7651286230735184,6.116302279764118,1.7059684730031464
527,2008-10-07 02:45:45,20.9N,31.4E,38.9,-9.0,9.0,3.8,20.9,31.4,246829617.7162314,0.4306499452368938,0.06787464476492332,0.2510788774984761,0.6303262596121098,1.108025908279341
531,2008-08-07 06:07:10,18.5N,180.0E,45.4,6.5,-12.1,1.7,18.5,180.0,202596818.32373816,0.3365996529980572,0.11365010771158832,-0.784484857198801,5.39054894855116,5.370325595104292
532,2008-07-23 14:45:25,38.6N,68.0E,31.5,-7.7,-8.2,-9.1,38.6,68.0,293997660.95445704,0.4872699782371696,0.1802144883291609,2.1262841736366997,2.8500340627724476,6.256208834281946
536,2008-07-01 17:40:19,37.1N,115.7W,36.1,2.8,1.7,-9.2,37.1,-115.7,138252279.70926285,0.0834404745045052,0.009517309088100863,0.4836725095819815,6.13577713604386,3.309476766555458
537,2008-06-27 02:01:23,26.9S,17.7W,33.7,-17.9,13.0,6.6,-26.9,-17.7,428264018.29864377,0.758169056078319,0.08504040131129728,1.7174158467369243,4.404505560419679,2.1486075885904814
540,2008-05-24 10:18:10,0.8N,162.0E,37.0,7.9,3.1,11.4,0.8,162.0,139561901.22893164,0.22423405000121563,0.20457465224898627,-2.029951491334812,2.196298957957545,5.328954568025766
547,2008-03-15 11:29:55,28.0N,41.5W,26.7,-4.1,4.8,-11.2,28.0,-41.5,163191267.10261017,0.09627257582407582,0.20784235547763436,-0.08526126760724359,2.804113124834842,4.079157574479363
554,2008-01-09 03:53:15,66.8S,67.3W,31.5,4.3,5.7,9.1,-66.8,-67.3,180946215.87950584,0.19804987622044298,0.06901728202512201,1.9016298968092862,6.132244171395361,2.2984650721273336
558,2007-10-12 09:14:03,88.5N,116.6E,37.0,-4.5,-14.1,-10.9,88.5,116.6,273725250.9311956,0.5042111528817788,0.3087378489662884,-2.814311620706249,2.367335589296335,1.3829640520172166
560,2007-09-22 17:57:12,49.2S,85.5W,30.2,-9.2,13.6,3.8,-49.2,-85.5,449187781.16860455,0.6525982533509285,0.07300241070996663,-0.19163143733543564,5.444768529014496,2.9153416879529086
567,2007-04-18 12:44:23,83.7S,171.2W,38.0,-5.3,-2.5,23.7,-83.7,-171.2,193280426.67091113,0.23015008216343089,0.7013507171431721,-2.6527542449535773,6.095253818449567,2.1627330006518104
569,2007-03-17 06:48:35,7.1N,4.1E,32.5,-7.3,-1.9,-12.4,7.1,4.1,181125001.15954718,0.1772862840227433,0.28470662184625384,-0.0640501149702109,2.82744084177064,1.5329601813568825
574,2007-01-22 07:24:56,45.4N,53.5E,32.0,-3.3,-12.8,-1.9,45.4,53.5,177981064.00335538,0.2659223661237745,0.05338497156236361,-1.0061956371474972,2.0059660873432,1.6968825082813996
578,2006-12-09 06:31:12,26.2N,26.0E,26.5,4.9,-15.0,1.6,26.2,26.0,390802167.9938104,0.651803190745605,0.029474923714341128,-1.7613299643561418,2.594856839217634,2.417032367468094
583,2006-10-14 18:10:49,49.4N,175.0W,44.4,4.9,23.4,-1.0,49.4,-175.0,231991660.04930452,0.6544302293030554,0.06470708889538108,-2.762460112476159,1.4045826263373087,0.9912834511060069
590,2006-09-02 04:26:15,14.0S,109.1E,44.1,10.0,-9.9,1.5,-14.0,109.1,226554179.27387324,0.38516487599936505,0.0032882525592948723,-0.32497999100982516,5.485610472227939,0.11881421911577572
596,2006-07-15 23:55:45,78.3S,5.0W,29.6,0.1,2.0,12.2,-78.3,-5.0,178195586.55619058,0.16288099501130462,0.1499133067770249,-1.164305528938885,0.3801815675325244,5.318961993043696
597,2006-07-15 15:22:49,31.1N,45.6E,38.9,9.2,-1.2,-28.7,31.1,45.6,169013051.12332454,0.1655559870069151,0.9572048907460604,1.9758380030163685,2.150296104484667,3.6007432598704314
598,2006-06-07 00:06:28,69.2N,22.5E,40.7,6.1,4.6,-18.0,69.2,22.5,461795711.46578413,0.7165900313379158,0.2409716114732868,1.5273523495961667,2.243562544051935,2.7485214148496304
609,2006-02-04 08:38:05,36.9N,143.6W,38.9,-8.8,3.4,-17.4,36.9,-143.6,155736155.7158464,0.06595799013094639,0.5380677597056911,-0.7801587333457976,3.105775700053874,4.737172637101796
610,2006-01-28 03:33:48,51.7S,56.4E,37.0,8.4,-16.4,3.2,-51.7,56.4,182526229.13506496,0.47163295670491445,0.13989982129351033,-0.8995188345823903,1.489401548379928,1.3374692518140456
613,2006-01-10 23:25:28,29.8N,12.7W,32.4,-9.9,-6.3,-12.2,29.8,-12.7,142520040.66878846,0.34655317736124636,0.23040221204245048,-1.2068567225766422,5.136880286895687,4.212578727241526
615,2005-12-29 10:05:35,3.0S,154.9W,42.2,18.6,8.5,3.2,-3.0,-154.9,262997284.1620434,0.5712768841409928,0.2915045685502439,1.7090799997525938,1.206247480844672,3.214646345397921
630,2005-08-09 14:35:45,21.5S,56.2E,37.0,-16.3,4.3,1.4,-21.5,56.2,266888782.81926042,0.5372363748112856,0.07899872286501458,-0.7227629581968418,5.196375000020594,2.600467150409365
634,2005-06-03 08:15:41,31.0S,90.3W,29.6,-1.5,25.3,6.7,-31.0,-90.3,118039634.4359627,0.7810571565571088,0.21186108411723287,1.2725331491160743,5.818435380624167,3.696311050599234
640,2005-04-19 07:37:47,50.2S,146.4W,38.5,9.3,13.8,2.5,-50.2,-146.4,219276169.15945643,0.45429900231606607,0.03842793540811344,0.509112736987232,4.352927909467812,4.695025552180925
658,2005-01-02 23:09:51,21.3S,154.7E,35.2,20.2,-3.3,6.6,-21.3,154.7,141923938.79717675,0.5928402262078868,0.07450497379703652,-1.3646188598050137,0.9009960705591631,6.168228838993715
667,2004-10-07 13:14:43,27.3S,71.5E,35.0,-15.3,1.0,11.6,-27.3,71.5,387045166.55780315,0.6487334594831292,0.2543399092554774,1.8013517914966664,3.6346669291176976,2.904326795023607
680,2004-06-05 20:34:10,1.3N,174.4W,43.0,9.4,17.0,-1.5,1.3,-174.4,306694616.9136071,0.6137751187990782,0.1502680018612571,-1.8176937528202486,5.152760366093336,0.7320697069585886
689,2004-04-22 04:21:49,44.3S,83.3E,29.6,8.5,-12.1,-6.8,-44.3,83.3,276859671.20340365,0.523650465862919,0.11049874765279838,0.5671305855500322,2.2635313062434044,0.2077606128136038
690,2004-04-06 03:24:49,12.0S,162.8E,35.0,10.5,-23.2,-2.9,-12.0,162.8,186311215.0910663,0.7154913336228215,0.1407725543189384,0.2924947110369959,0.999436189538951,4.334822225166663
701,2003-11-10 13:54:06,64.5S,136.2E,23.0,14.8,-8.7,10.4,-64.5,136.2,305622193.44557166,0.5899291907429004,0.33807430318105103,0.8428763726545843,0.9164812229904502,5.56016063562949
706,2003-09-27 12:59:02,21.0N,86.6E,26.0,-1.0,-5.4,-17.3,21.0,86.6,153175971.1362173,0.030214600827604323,0.48214437700561785,-3.0659614532830757,3.5627736672096018,6.163875309434842
866,1998-01-04 23:00:27,35.1S,33.4E,30.0,6.0,-10.6,12.0,-35.1,33.4,104182427.01013593,0.5071530085129955,0.23441444652729168,1.8234950371289735,3.4650078580654653,4.0904220664140505
